{"final_train_loss": 0.8711816072463989, "final_val_loss": 0.5276198983192444, "final_train_acc": 0.732617199420929, "final_val_acc": 0.88623046875, "step_val_acc_99": 900}