{"final_train_loss": 4.786088466644287, "final_val_loss": 4.795017242431641, "final_train_acc": 0.00937500037252903, "final_val_acc": 0.00634765625, "step_val_acc_99": 3290}