{"final_train_loss": 0.2321692556142807, "final_val_loss": 0.21842488646507263, "final_train_acc": 0.998046875, "final_val_acc": 0.99755859375, "step_val_acc_99": 460}