{"final_train_loss": 2.1227798461914062, "final_val_loss": 1.4226536750793457, "final_train_acc": 0.43281251192092896, "final_val_acc": 0.5263671875, "step_val_acc_99": 510}