{"final_train_loss": 0.03813151270151138, "final_val_loss": 0.04568975791335106, "final_train_acc": 1.0, "final_val_acc": 1.0, "step_val_acc_99": 3390}