{"final_train_loss": 0.24346481263637543, "final_val_loss": 0.3888729214668274, "final_train_acc": 0.951367199420929, "final_val_acc": 0.89306640625, "step_val_acc_99": 990}