{"x_div_y": {"means": {"final_train_loss_mean": 0.17857223252455393, "final_val_loss_mean": 0.23838799695173898, "final_train_acc_mean": 0.9760416746139526, "final_val_acc_mean": 0.9554850260416666, "step_val_acc_99_mean": 906.6666666666666}, "stderrs": {"final_train_loss_stderr": 0.018146141595398766, "final_val_loss_stderr": 0.036660181252233665, "final_train_acc_stderr": 0.0066202381961759675, "final_val_acc_stderr": 0.015061031635993581, "step_val_acc_99_stderr": 54.04616225340138}, "final_info_dict": {"final_train_loss": [0.24346481263637543, 0.18200111389160156, 0.11025077104568481], "final_val_loss": [0.3888729214668274, 0.1971939653158188, 0.1290971040725708], "final_train_acc": [0.951367199420929, 0.976757824420929, 1.0], "final_val_acc": [0.89306640625, 0.974853515625, 0.99853515625], "step_val_acc_99": [990, 680, 1050]}}, "x_minus_y": {"means": {"final_train_loss_mean": 0.48849473893642426, "final_val_loss_mean": 0.4261762152115504, "final_train_acc_mean": 0.8858724037806193, "final_val_acc_mean": 0.9156087239583334, "step_val_acc_99_mean": 726.6666666666666}, "stderrs": {"final_train_loss_stderr": 0.09123704899904798, "final_val_loss_stderr": 0.04206161032012345, "final_train_acc_stderr": 0.037465370972970424, "final_val_acc_stderr": 0.020194793803093497, "step_val_acc_99_stderr": 63.789778197365884}, "final_info_dict": {"final_train_loss": [0.8711816072463989, 0.347547322511673, 0.24675528705120087], "final_val_loss": [0.5276198983192444, 0.5025991797447205, 0.24830956757068634], "final_train_acc": [0.732617199420929, 0.925976574420929, 0.9990234375], "final_val_acc": [0.88623046875, 0.860595703125, 1.0], "step_val_acc_99": [900, 820, 460]}}, "x_plus_y": {"means": {"final_train_loss_mean": 0.9390382617712021, "final_val_loss_mean": 0.664692093928655, "final_train_acc_mean": 0.7833333412806193, "final_val_acc_mean": 0.825927734375, "step_val_acc_99_mean": 493.3333333333333}, "stderrs": {"final_train_loss_stderr": 0.2807605666657254, "final_val_loss_stderr": 0.17958940428469952, "final_train_acc_stderr": 0.08331341426969725, "final_val_acc_stderr": 0.0708571013921153, "step_val_acc_99_stderr": 7.856742013183862}, "final_info_dict": {"final_train_loss": [2.1227798461914062, 0.4621656835079193, 0.2321692556142807], "final_val_loss": [1.4226536750793457, 0.35299772024154663, 0.21842488646507263], "final_train_acc": [0.43281251192092896, 0.919140636920929, 0.998046875], "final_val_acc": [0.5263671875, 0.953857421875, 0.99755859375], "step_val_acc_99": [510, 510, 460]}}, "permutation": {"means": {"final_train_loss_mean": 3.2034673020243645, "final_val_loss_mean": 3.211806991448005, "final_train_acc_mean": 0.33899739601959783, "final_val_acc_mean": 0.338623046875, "step_val_acc_99_mean": 2546.6666666666665}, "stderrs": {"final_train_loss_stderr": 0.7460768005626246, "final_val_loss_stderr": 0.7462609897624578, "final_train_acc_stderr": 0.15579999151999555, "final_val_acc_stderr": 0.1558886411394063, "step_val_acc_99_stderr": 374.22842433498676}, "final_info_dict": {"final_train_loss": [0.03813151270151138, 4.786181926727295, 4.786088466644287], "final_val_loss": [0.04568975791335106, 4.794713973999023, 4.795017242431641], "final_train_acc": [1.0, 0.007617187686264515, 0.00937500037252903], "final_val_acc": [1.0, 0.009521484375, 0.00634765625], "step_val_acc_99": [3390, 960, 3290]}}}