{"final_train_loss": 0.347547322511673, "final_val_loss": 0.5025991797447205, "final_train_acc": 0.925976574420929, "final_val_acc": 0.860595703125, "step_val_acc_99": 820}