{"final_train_loss": 0.11025077104568481, "final_val_loss": 0.1290971040725708, "final_train_acc": 1.0, "final_val_acc": 0.99853515625, "step_val_acc_99": 1050}