{"final_train_loss": 0.24675528705120087, "final_val_loss": 0.24830956757068634, "final_train_acc": 0.9990234375, "final_val_acc": 1.0, "step_val_acc_99": 460}