{"final_train_loss": 0.4621656835079193, "final_val_loss": 0.35299772024154663, "final_train_acc": 0.919140636920929, "final_val_acc": 0.953857421875, "step_val_acc_99": 510}