{"final_train_loss": 4.786181926727295, "final_val_loss": 4.794713973999023, "final_train_acc": 0.007617187686264515, "final_val_acc": 0.009521484375, "step_val_acc_99": 960}