{"final_train_loss": 0.18200111389160156, "final_val_loss": 0.1971939653158188, "final_train_acc": 0.976757824420929, "final_val_acc": 0.974853515625, "step_val_acc_99": 680}