{"final_train_loss": 0.0030792448669672012, "final_val_loss": 0.003574600676074624, "final_train_acc": 1.0, "final_val_acc": 1.0, "step_val_acc_99": 3340}