{"final_train_loss": 0.0037020505405962467, "final_val_loss": 0.0040245670825243, "final_train_acc": 1.0, "final_val_acc": 1.0, "step_val_acc_99": 3930}