{"final_train_loss": 1.210131287574768, "final_val_loss": 0.530652642250061, "final_train_acc": 0.7138671875, "final_val_acc": 0.89404296875, "step_val_acc_99": 3490}