{"final_train_loss": 0.0021265828981995583, "final_val_loss": 0.0031268589664250612, "final_train_acc": 1.0, "final_val_acc": 1.0, "step_val_acc_99": 6280}