{"final_train_loss": 0.0036789074074476957, "final_val_loss": 0.003982082474976778, "final_train_acc": 1.0, "final_val_acc": 1.0, "step_val_acc_99": 1780}