{"final_train_loss": 0.0026961935218423605, "final_val_loss": 0.002833289559930563, "final_train_acc": 1.0, "final_val_acc": 1.0, "step_val_acc_99": 2030}