{"final_train_loss": 0.006692897528409958, "final_val_loss": 0.007975143380463123, "final_train_acc": 1.0, "final_val_acc": 1.0, "step_val_acc_99": 3220}