{"final_train_loss": 0.005122836213558912, "final_val_loss": 0.0059904796071350574, "final_train_acc": 1.0, "final_val_acc": 1.0, "step_val_acc_99": 2820}