{"final_train_loss": 0.0124443294480443, "final_val_loss": 0.015694689005613327, "final_train_acc": 1.0, "final_val_acc": 1.0, "step_val_acc_99": 3050}