{"final_train_loss": 0.005833627190440893, "final_val_loss": 0.008916142396628857, "final_train_acc": 1.0, "final_val_acc": 1.0, "step_val_acc_99": 6450}