{"x_div_y": {"means": {"final_train_loss_mean": 0.006882136842856805, "final_val_loss_mean": 0.008419923096274337, "final_train_acc_mean": 1.0, "final_val_acc_mean": 1.0, "step_val_acc_99_mean": 3070.0}, "stderrs": {"final_train_loss_stderr": 0.001340192256270718, "final_val_loss_stderr": 0.0017459112452335706, "final_train_acc_stderr": 0.0, "final_val_acc_stderr": 0.0, "step_val_acc_99_stderr": 70.91988176547976}, "final_info_dict": {"final_train_loss": [0.0124443294480443, 0.0030792448669672012, 0.005122836213558912], "final_val_loss": [0.015694689005613327, 0.003574600676074624, 0.0059904796071350574], "final_train_acc": [1.0, 1.0, 1.0], "final_val_acc": [1.0, 1.0, 1.0], "step_val_acc_99": [3050, 3340, 2820]}}, "x_minus_y": {"means": {"final_train_loss_mean": 0.40684207854792476, "final_val_loss_mean": 0.18088411757101616, "final_train_acc_mean": 0.9046223958333334, "final_val_acc_mean": 0.9646809895833334, "step_val_acc_99_mean": 3546.6666666666665}, "stderrs": {"final_train_loss_stderr": 0.18933751976898483, "final_val_loss_stderr": 0.08244298474541334, "final_train_acc_stderr": 0.0449614337863842, "final_val_acc_stderr": 0.016649541180282206, "step_val_acc_99_stderr": 97.53758376602109}, "final_info_dict": {"final_train_loss": [1.210131287574768, 0.0037020505405962467, 0.006692897528409958], "final_val_loss": [0.530652642250061, 0.0040245670825243, 0.007975143380463123], "final_train_acc": [0.7138671875, 1.0, 1.0], "final_val_acc": [0.89404296875, 1.0, 1.0], "step_val_acc_99": [3490, 3930, 3220]}}, "x_plus_y": {"means": {"final_train_loss_mean": 0.005102624961485465, "final_val_loss_mean": 0.005619957422216733, "final_train_acc_mean": 1.0, "final_val_acc_mean": 1.0, "step_val_acc_99_mean": 1966.6666666666667}, "stderrs": {"final_train_loss_stderr": 0.000912625947902082, "final_val_loss_stderr": 0.0010545269466171253, "final_train_acc_stderr": 0.0, "final_val_acc_stderr": 0.0, "step_val_acc_99_stderr": 44.748956812449485}, "final_info_dict": {"final_train_loss": [0.00893277395516634, 0.0026961935218423605, 0.0036789074074476957], "final_val_loss": [0.010044500231742859, 0.002833289559930563, 0.003982082474976778], "final_train_acc": [1.0, 1.0, 1.0], "final_val_acc": [1.0, 1.0, 1.0], "step_val_acc_99": [2090, 2030, 1780]}}, "permutation": {"means": {"final_train_loss_mean": 0.15046238231783113, "final_val_loss_mean": 0.07921216955098014, "final_train_acc_mean": 0.981640636920929, "final_val_acc_mean": 0.9939778645833334, "step_val_acc_99_mean": 6296.666666666667}, "stderrs": {"final_train_loss_stderr": 0.06905425039083796, "final_val_loss_stderr": 0.03451140549992415, "final_train_acc_stderr": 0.008654686754318046, "final_val_acc_stderr": 0.0028388618602324498, "step_val_acc_99_stderr": 39.65904066127722}, "final_info_dict": {"final_train_loss": [0.005833627190440893, 0.0021265828981995583, 0.4434269368648529], "final_val_loss": [0.008916142396628857, 0.0031268589664250612, 0.22559350728988647], "final_train_acc": [1.0, 1.0, 0.9449219107627869], "final_val_acc": [1.0, 1.0, 0.98193359375], "step_val_acc_99": [6450, 6280, 6160]}}}