{"final_train_loss": 0.4434269368648529, "final_val_loss": 0.22559350728988647, "final_train_acc": 0.9449219107627869, "final_val_acc": 0.98193359375, "step_val_acc_99": 6160}