{"final_train_loss": 0.00893277395516634, "final_val_loss": 0.010044500231742859, "final_train_acc": 1.0, "final_val_acc": 1.0, "step_val_acc_99": 2090}