{"final_train_loss": 0.005819394253194332, "final_val_loss": 0.007082360330969095, "final_train_acc": 1.0, "final_val_acc": 1.0, "step_val_acc_99": 4470}