{"final_train_loss": 0.014027833007276058, "final_val_loss": 7.649890422821045, "final_train_acc": 1.0, "final_val_acc": 0.010986328125, "step_val_acc_99": 7500}