{"final_train_loss": 0.004664970561861992, "final_val_loss": 0.005011030472815037, "final_train_acc": 1.0, "final_val_acc": 1.0, "step_val_acc_99": 4220}