{"final_train_loss": 0.2839620113372803, "final_val_loss": 7.939196586608887, "final_train_acc": 0.946484386920929, "final_val_acc": 0.00537109375, "step_val_acc_99": null, "step_val_acc_95": null, "max_acc_increase_rate": 0}