{"final_train_loss": 0.010769072920084, "final_val_loss": 0.014432385563850403, "final_train_acc": 1.0, "final_val_acc": 0.9990234375, "step_val_acc_99": 1360, "step_val_acc_95": null, "max_acc_increase_rate": 0}