{"final_train_loss": 0.007812966592609882, "final_val_loss": 0.008974004536867142, "final_train_acc": 1.0, "final_val_acc": 1.0, "step_val_acc_99": 1540, "step_val_acc_95": null, "max_acc_increase_rate": 0}