{"final_train_loss": 0.00242263893596828, "final_val_loss": 0.002391890622675419, "final_train_acc": 1.0, "final_val_acc": 1.0, "step_val_acc_99": 840, "step_val_acc_95": null, "max_acc_increase_rate": 0}