{"final_train_loss": 0.004756745416671038, "final_val_loss": 0.004980368074029684, "final_train_acc": 1.0, "final_val_acc": 1.0, "step_val_acc_99": 1430, "step_val_acc_95": null, "max_acc_increase_rate": 0}