{"final_train_loss": 0.010768236592411995, "final_val_loss": 0.011743295006453991, "final_train_acc": 1.0, "final_val_acc": 1.0, "step_val_acc_99": 1500, "step_val_acc_95": null, "max_acc_increase_rate": 0}