{"final_train_loss": 0.01520356722176075, "final_val_loss": 7.800347805023193, "final_train_acc": 0.9996094107627869, "final_val_acc": 0.015380859375, "step_val_acc_99": null, "step_val_acc_95": null, "max_acc_increase_rate": 0}