{"final_train_loss": 0.00903849396854639, "final_val_loss": 0.009693852625787258, "final_train_acc": 1.0, "final_val_acc": 1.0, "step_val_acc_99": 1290, "step_val_acc_95": null, "max_acc_increase_rate": 0}