{"final_train_loss": 0.0030427041929215193, "final_val_loss": 0.2887412905693054, "final_train_acc": 1.0, "final_val_acc": 0.948974609375, "step_val_acc_99": null, "step_val_acc_95": null, "max_acc_increase_rate": 0}