{"x_div_y": {"means": {"final_train_loss_mean": 0.009206565717856089, "final_val_loss_mean": 0.01013705072303613, "final_train_acc_mean": 1.0, "final_val_acc_mean": 1.0, "step_val_acc_99_mean": 1443.3333333333333, "step_val_acc_95_mean": null, "max_acc_increase_rate_mean": 0.0}, "stderrs": {"final_train_loss_stderr": 0.0006999351204249991, "final_val_loss_stderr": 0.0006773413453085697, "final_train_acc_stderr": 0.0, "final_val_acc_stderr": 0.0, "step_val_acc_99_stderr": 63.3040868144183, "step_val_acc_95_stderr": null, "max_acc_increase_rate_stderr": 0.0}, "final_info_dict": {"final_train_loss": [0.010768236592411995, 0.00903849396854639, 0.007812966592609882], "final_val_loss": [0.011743295006453991, 0.009693852625787258, 0.008974004536867142], "final_train_acc": [1.0, 1.0, 1.0], "final_val_acc": [1.0, 1.0, 1.0], "step_val_acc_99": [1500, 1290, 1540], "step_val_acc_95": [], "max_acc_increase_rate": [0, 0, 0]}}, "x_minus_y": {"means": {"final_train_loss_mean": 0.007552354441334804, "final_val_loss_mean": 0.008941326756030321, "final_train_acc_mean": 1.0, "final_val_acc_mean": 0.9996744791666666, "step_val_acc_99_mean": 1343.3333333333333, "step_val_acc_95_mean": null, "max_acc_increase_rate_mean": 0.0}, "stderrs": {"final_train_loss_stderr": 0.0013133701110030467, "final_val_loss_stderr": 0.002241789321042792, "final_train_acc_stderr": 0.0, "final_val_acc_stderr": 0.0002657866474374108, "step_val_acc_99_stderr": 54.63684823619666, "step_val_acc_95_stderr": null, "max_acc_increase_rate_stderr": 0.0}, "final_info_dict": {"final_train_loss": [0.005901847966015339, 0.010769072920084, 0.005986142437905073], "final_val_loss": [0.006234423723071814, 0.014432385563850403, 0.006157170981168747], "final_train_acc": [1.0, 1.0, 1.0], "final_val_acc": [1.0, 0.9990234375, 1.0], "step_val_acc_99": [1450, 1360, 1220], "step_val_acc_95": [], "max_acc_increase_rate": [0, 0, 0]}}, "x_plus_y": {"means": {"final_train_loss_mean": 0.003964016912505031, "final_val_loss_mean": 0.004060242945949237, "final_train_acc_mean": 1.0, "final_val_acc_mean": 1.0, "step_val_acc_99_mean": 1000.0, "step_val_acc_95_mean": null, "max_acc_increase_rate_mean": 0.0}, "stderrs": {"final_train_loss_stderr": 0.0006293506865855031, "final_val_loss_stderr": 0.0006823060295404388, "final_train_acc_stderr": 0.0, "final_val_acc_stderr": 0.0, "step_val_acc_99_stderr": 177.45108872274886, "step_val_acc_95_stderr": null, "max_acc_increase_rate_stderr": 0.0}, "final_info_dict": {"final_train_loss": [0.004756745416671038, 0.004712666384875774, 0.00242263893596828], "final_val_loss": [0.004980368074029684, 0.004808470141142607, 0.002391890622675419], "final_train_acc": [1.0, 1.0, 1.0], "final_val_acc": [1.0, 1.0, 1.0], "step_val_acc_99": [1430, 730, 840], "step_val_acc_95": [], "max_acc_increase_rate": [0, 0, 0]}}, "permutation": {"means": {"final_train_loss_mean": 0.10073609425065418, "final_val_loss_mean": 5.342761894067128, "final_train_acc_mean": 0.9820312658945719, "final_val_acc_mean": 0.3232421875, "step_val_acc_99_mean": null, "step_val_acc_95_mean": null, "max_acc_increase_rate_mean": 0.0}, "stderrs": {"final_train_loss_stderr": 0.0748565653122734, "final_val_loss_stderr": 2.063554804563789, "final_train_acc_stderr": 0.014512244589106072, "final_val_acc_stderr": 0.2554650864126193, "step_val_acc_99_stderr": null, "step_val_acc_95_stderr": null, "max_acc_increase_rate_stderr": 0.0}, "final_info_dict": {"final_train_loss": [0.0030427041929215193, 0.01520356722176075, 0.2839620113372803], "final_val_loss": [0.2887412905693054, 7.800347805023193, 7.939196586608887], "final_train_acc": [1.0, 0.9996094107627869, 0.946484386920929], "final_val_acc": [0.948974609375, 0.015380859375, 0.00537109375], "step_val_acc_99": [], "step_val_acc_95": [], "max_acc_increase_rate": [0, 0, 0]}}}