{"final_train_loss": 0.005901847966015339, "final_val_loss": 0.006234423723071814, "final_train_acc": 1.0, "final_val_acc": 1.0, "step_val_acc_99": 1450, "step_val_acc_95": null, "max_acc_increase_rate": 0}