{"circle": {"means": {"training_time": 52.92525362968445, "eval_loss": 0.43425207659411613, "inference_time": 0.14317584037780762, "kl_divergence": 0.3408613096628985}}, "dino": {"means": {"training_time": 79.84856963157654, "eval_loss": 0.665187395899497, "inference_time": 0.11029982566833496, "kl_divergence": 1.1213630053295838}}, "line": {"means": {"training_time": 54.4330997467041, "eval_loss": 0.8009099938985332, "inference_time": 0.11038732528686523, "kl_divergence": 0.16666481475290315}}, "moons": {"means": {"training_time": 54.482470750808716, "eval_loss": 0.6143880410267569, "inference_time": 0.1099700927734375, "kl_divergence": 0.08647709108345572}}}