{"circle": {"means": {"training_time": 84.88479590415955, "eval_loss": 0.43957031192377094, "inference_time": 0.31183743476867676, "kl_divergence": 0.35016283464251463}}, "dino": {"means": {"training_time": 92.87695288658142, "eval_loss": 0.6600562809678294, "inference_time": 0.2915053367614746, "kl_divergence": 1.0190304905985939}}, "line": {"means": {"training_time": 88.01027727127075, "eval_loss": 0.7982726447722491, "inference_time": 0.2919788360595703, "kl_divergence": 0.14965661609341638}}, "moons": {"means": {"training_time": 81.43560457229614, "eval_loss": 0.6168902455388433, "inference_time": 0.29424142837524414, "kl_divergence": 0.09408733047710047}}}