{"final_train_loss": 0.7900950908660889, "best_val_loss": 1.4607523679733276, "total_train_time": 77.52875280380249, "avg_inference_tokens_per_second": 623.7673217674162}