{"final_train_loss": 0.8011627197265625, "best_val_loss": 1.4640487432479858, "total_train_time": 79.38743424415588, "avg_inference_tokens_per_second": 620.1521183414384}