{"final_train_loss": 0.925983190536499, "best_val_loss": 0.9917866587638855, "total_train_time": 852.1484353542328, "avg_inference_tokens_per_second": 605.0617699125265}