{"final_train_loss": 0.9827583432197571, "best_val_loss": 0.9615200161933899, "total_train_time": 846.4471461772919, "avg_inference_tokens_per_second": 613.2623906747798}