{"final_train_loss": 0.8041762113571167, "best_val_loss": 1.4658539295196533, "total_train_time": 80.82218813896179, "avg_inference_tokens_per_second": 609.8204108206697}