{"final_train_loss": 0.8149155378341675, "best_val_loss": 1.4577823877334595, "total_train_time": 77.37787866592407, "avg_inference_tokens_per_second": 646.1556899120457}