{"final_train_loss": 0.8132960200309753, "best_val_loss": 1.4593589305877686, "total_train_time": 76.33196330070496, "avg_inference_tokens_per_second": 686.4359203516876}