{"final_train_loss": 0.9798105955123901, "best_val_loss": 0.9613448977470398, "total_train_time": 807.7686207294464, "avg_inference_tokens_per_second": 652.3187905322042}