{"final_train_loss": 0.9224221706390381, "best_val_loss": 0.9933806657791138, "total_train_time": 806.1875951290131, "avg_inference_tokens_per_second": 682.6881990162254}