{"final_train_loss": 0.7860569357872009, "best_val_loss": 1.4637211561203003, "total_train_time": 75.07684016227722, "avg_inference_tokens_per_second": 693.9142308842574}