{"shakespeare_char": {"means": {"final_train_loss_mean": 0.8047561645507812, "best_val_loss_mean": 1.4602874914805095, "total_train_time_mean": 76.26222737630208, "avg_inference_tokens_per_second_mean": 675.5019470493302}, "stderrs": {"final_train_loss_stderr": 0.004412957157039948, "best_val_loss_stderr": 0.0008372756299464836, "total_train_time_stderr": 0.31356278515729236, "avg_inference_tokens_per_second_stderr": 6.991441265502473}, "final_info_dict": {"final_train_loss": [0.8149155378341675, 0.7860569357872009, 0.8132960200309753], "best_val_loss": [1.4577823877334595, 1.4637211561203003, 1.4593589305877686], "total_train_time": [77.37787866592407, 75.07684016227722, 76.33196330070496], "avg_inference_tokens_per_second": [646.1556899120457, 693.9142308842574, 686.4359203516876]}}, "enwik8": {"means": {"final_train_loss_mean": 0.9224221706390381, "best_val_loss_mean": 0.9933806657791138, "total_train_time_mean": 806.1875951290131, "avg_inference_tokens_per_second_mean": 682.6881990162254}, "stderrs": {"final_train_loss_stderr": 0.0, "best_val_loss_stderr": 0.0, "total_train_time_stderr": 0.0, "avg_inference_tokens_per_second_stderr": 0.0}, "final_info_dict": {"final_train_loss": [0.9224221706390381], "best_val_loss": [0.9933806657791138], "total_train_time": [806.1875951290131], "avg_inference_tokens_per_second": [682.6881990162254]}}, "text8": {"means": {"final_train_loss_mean": 0.9798105955123901, "best_val_loss_mean": 0.9613448977470398, "total_train_time_mean": 807.7686207294464, "avg_inference_tokens_per_second_mean": 652.3187905322042}, "stderrs": {"final_train_loss_stderr": 0.0, "best_val_loss_stderr": 0.0, "total_train_time_stderr": 0.0, "avg_inference_tokens_per_second_stderr": 0.0}, "final_info_dict": {"final_train_loss": [0.9798105955123901], "best_val_loss": [0.9613448977470398], "total_train_time": [807.7686207294464], "avg_inference_tokens_per_second": [652.3187905322042]}}}