{"final_train_loss": 0.00551770580932498, "final_val_loss": 0.005775115918368101, "final_train_acc": 1.0, "final_val_acc": 1.0, "step_val_acc_99": 2200, "step_val_acc_95": 2040}