{"final_train_loss": 0.005490922834724188, "final_val_loss": 0.006075744982808828, "final_train_acc": 1.0, "final_val_acc": 1.0, "step_val_acc_99": 2240, "step_val_acc_95": 1910}