{"final_train_loss": 0.0025603249669075012, "final_val_loss": 0.011538706719875336, "final_train_acc": 1.0, "final_val_acc": 1.0, "step_val_acc_99": 7170, "step_val_acc_95": 7040}