{"final_train_loss": 0.007012262474745512, "final_val_loss": 8.444347381591797, "final_train_acc": 1.0, "final_val_acc": 0.004638671875, "step_val_acc_99": 7500, "step_val_acc_95": 7500}