{"final_train_loss": 0.004726992454379797, "final_val_loss": 0.005306345410645008, "final_train_acc": 1.0, "final_val_acc": 1.0, "step_val_acc_99": 4660, "step_val_acc_95": 4390}