{"final_train_loss": 0.005285870749503374, "final_val_loss": 0.005854995921254158, "final_train_acc": 1.0, "final_val_acc": 1.0, "step_val_acc_99": 3280, "step_val_acc_95": 3100}