{"final_train_loss": 0.01322974730283022, "final_val_loss": 7.790579795837402, "final_train_acc": 0.999804675579071, "final_val_acc": 0.01318359375, "step_val_acc_99": 7500, "step_val_acc_95": 7500}