{"final_train_loss": 0.028734663501381874, "final_val_loss": 0.02440878190100193, "final_train_acc": 1.0, "final_val_acc": 0.99951171875, "step_val_acc_99": 3570, "step_val_acc_95": 3470}