{"final_train_loss": 0.0068178134970366955, "final_val_loss": 0.011075064539909363, "final_train_acc": 1.0, "final_val_acc": 1.0, "step_val_acc_99": 5270, "step_val_acc_95": 4960}