{"x_div_y": {"means": {"final_train_loss_mean": 0.005417962558567524, "final_val_loss_mean": 0.006445834257950385, "final_train_acc_mean": 1.0, "final_val_acc_mean": 1.0, "step_val_acc_99_mean": 4173.333333333333, "step_val_acc_95_mean": 3983.3333333333335}, "stderrs": {"final_train_loss_stderr": 0.00022695419730092494, "final_val_loss_stderr": 0.0003594899072323844, "final_train_acc_stderr": 0.0, "final_val_acc_stderr": 0.0, "step_val_acc_99_stderr": 132.00261875441976, "step_val_acc_95_stderr": 113.016987688457}, "final_info_dict": {"final_train_loss": [0.004726992454379797, 0.005182688590139151, 0.006344206631183624], "final_val_loss": [0.005306345410645008, 0.0061376155354082584, 0.00789354182779789], "final_train_acc": [1.0, 1.0, 1.0], "final_val_acc": [1.0, 1.0, 1.0], "step_val_acc_99": [4660, 4170, 3690], "step_val_acc_95": [4390, 4000, 3560]}}, "x_minus_y": {"means": {"final_train_loss_mean": 0.01458902300025026, "final_val_loss_mean": 0.015689253496627014, "final_train_acc_mean": 1.0, "final_val_acc_mean": 0.9998372395833334, "step_val_acc_99_mean": 4610.0, "step_val_acc_95_mean": 4403.333333333333}, "stderrs": {"final_train_loss_stderr": 0.003339573120188502, "final_val_loss_stderr": 0.002056378759818544, "final_train_acc_stderr": 0.0, "final_val_acc_stderr": 7.672599622249864e-05, "step_val_acc_99_stderr": 248.07406301494063, "step_val_acc_95_stderr": 221.34828151217948}, "final_info_dict": {"final_train_loss": [0.0068178134970366955, 0.028734663501381874, 0.00821459200233221], "final_val_loss": [0.011075064539909363, 0.02440878190100193, 0.011583914048969746], "final_train_acc": [1.0, 1.0, 1.0], "final_val_acc": [1.0, 0.99951171875, 1.0], "step_val_acc_99": [5270, 3570, 4990], "step_val_acc_95": [4960, 3470, 4780]}}, "x_plus_y": {"means": {"final_train_loss_mean": 0.005431499797850847, "final_val_loss_mean": 0.005901952274143696, "final_train_acc_mean": 1.0, "final_val_acc_mean": 1.0, "step_val_acc_99_mean": 2573.3333333333335, "step_val_acc_95_mean": 2350.0}, "stderrs": {"final_train_loss_stderr": 3.4518054024438423e-05, "final_val_loss_stderr": 4.238110419632074e-05, "final_train_acc_stderr": 0.0, "final_val_acc_stderr": 0.0, "step_val_acc_99_stderr": 166.6518511933571, "step_val_acc_95_stderr": 177.6596829980369}, "final_info_dict": {"final_train_loss": [0.005285870749503374, 0.005490922834724188, 0.00551770580932498], "final_val_loss": [0.005854995921254158, 0.006075744982808828, 0.005775115918368101], "final_train_acc": [1.0, 1.0, 1.0], "final_val_acc": [1.0, 1.0, 1.0], "step_val_acc_99": [3280, 2240, 2200], "step_val_acc_95": [3100, 1910, 2040]}}, "permutation": {"means": {"final_train_loss_mean": 0.0076007782481610775, "final_val_loss_mean": 5.415488628049691, "final_train_acc_mean": 0.9999348918596903, "final_val_acc_mean": 0.3392740885416667, "step_val_acc_99_mean": 7390.0, "step_val_acc_95_mean": 7346.666666666667}, "stderrs": {"final_train_loss_stderr": 0.0014585357029681017, "final_val_loss_stderr": 1.2768264790669026, "final_train_acc_stderr": 3.069227168226661e-05, "final_val_acc_stderr": 0.15573893194768976, "step_val_acc_99_stderr": 51.85449728701349, "step_val_acc_95_stderr": 72.28202652129151}, "final_info_dict": {"final_train_loss": [0.007012262474745512, 0.0025603249669075012, 0.01322974730283022], "final_val_loss": [8.444347381591797, 0.011538706719875336, 7.790579795837402], "final_train_acc": [1.0, 1.0, 0.999804675579071], "final_val_acc": [0.004638671875, 1.0, 0.01318359375], "step_val_acc_99": [7500, 7170, 7500], "step_val_acc_95": [7500, 7040, 7500]}}}