{"final_train_loss": 0.006344206631183624, "final_val_loss": 0.00789354182779789, "final_train_acc": 1.0, "final_val_acc": 1.0, "step_val_acc_99": 3690, "step_val_acc_95": 3560}