{"final_train_loss": 0.005182688590139151, "final_val_loss": 0.0061376155354082584, "final_train_acc": 1.0, "final_val_acc": 1.0, "step_val_acc_99": 4170, "step_val_acc_95": 4000}