{"final_train_loss": 0.00821459200233221, "final_val_loss": 0.011583914048969746, "final_train_acc": 1.0, "final_val_acc": 1.0, "step_val_acc_99": 4990, "step_val_acc_95": 4780}