{"circle": {"means": {"training_time": 76.58001351356506, "eval_loss": 0.38757572839479615, "inference_time": 0.2047441005706787, "kl_divergence": 0.3233448326820488, "coarse_grid_variance": 0.010761231184005737, "fine_grid_variance": 2.2071786016205546e-17}}, "dino": {"means": {"training_time": 77.1138973236084, "eval_loss": 0.6413314583356423, "inference_time": 0.19238519668579102, "kl_divergence": 1.166831156285635, "coarse_grid_variance": 0.0075126830488443375, "fine_grid_variance": 7.105605021934508e-19}}, "line": {"means": {"training_time": 81.69518947601318, "eval_loss": 0.765471396086466, "inference_time": 0.19542980194091797, "kl_divergence": 0.19653485066494875, "coarse_grid_variance": 0.008399258367717266, "fine_grid_variance": 0.0}}, "moons": {"means": {"training_time": 81.41889429092407, "eval_loss": 0.585447847919391, "inference_time": 0.19643688201904297, "kl_divergence": 0.10539839714111231, "coarse_grid_variance": 0.01050220150500536, "fine_grid_variance": 1.0836047826471186e-17}}}