{"final_train_loss": 0.7903130054473877, "best_val_loss": 1.464776873588562, "total_train_time": 75.1170060634613, "avg_inference_tokens_per_second": 634.3996450933685}