{"final_train_loss": 0.9843199849128723, "best_val_loss": 0.961367666721344, "total_train_time": 791.6123127937317, "avg_inference_tokens_per_second": 658.961942825521}