{"shakespeare_char": {"means": {"final_train_loss_mean": 0.8062439958254496, "best_val_loss_mean": 1.461962143580119, "total_train_time_mean": 75.80110216140747, "avg_inference_tokens_per_second_mean": 668.3102066342188}, "stderrs": {"final_train_loss_stderr": 0.004487677673676393, "best_val_loss_stderr": 0.002360703476780258, "total_train_time_stderr": 0.4598966095769867, "avg_inference_tokens_per_second_stderr": 8.016016141392878}, "final_info_dict": {"final_train_loss": [0.8232390284538269, 0.7903130054473877, 0.8051799535751343], "best_val_loss": [1.4522305727005005, 1.464776873588562, 1.468878984451294], "total_train_time": [77.72565627098083, 75.1170060634613, 74.56064414978027], "avg_inference_tokens_per_second": [687.50564621723, 634.3996450933685, 683.0253285920583]}}, "enwik8": {"means": {"final_train_loss_mean": 0.9246289730072021, "best_val_loss_mean": 0.9944368004798889, "total_train_time_mean": 796.9592888355255, "avg_inference_tokens_per_second_mean": 688.6266631351763}, "stderrs": {"final_train_loss_stderr": 0.0, "best_val_loss_stderr": 0.0, "total_train_time_stderr": 0.0, "avg_inference_tokens_per_second_stderr": 0.0}, "final_info_dict": {"final_train_loss": [0.9246289730072021], "best_val_loss": [0.9944368004798889], "total_train_time": [796.9592888355255], "avg_inference_tokens_per_second": [688.6266631351763]}}, "text8": {"means": {"final_train_loss_mean": 0.9843199849128723, "best_val_loss_mean": 0.961367666721344, "total_train_time_mean": 791.6123127937317, "avg_inference_tokens_per_second_mean": 658.961942825521}, "stderrs": {"final_train_loss_stderr": 0.0, "best_val_loss_stderr": 0.0, "total_train_time_stderr": 0.0, "avg_inference_tokens_per_second_stderr": 0.0}, "final_info_dict": {"final_train_loss": [0.9843199849128723], "best_val_loss": [0.961367666721344], "total_train_time": [791.6123127937317], "avg_inference_tokens_per_second": [658.961942825521]}}}