{"final_train_loss": 0.8051799535751343, "best_val_loss": 1.468878984451294, "total_train_time": 74.56064414978027, "avg_inference_tokens_per_second": 683.0253285920583}