{"final_train_loss": 0.9246289730072021, "best_val_loss": 0.9944368004798889, "total_train_time": 796.9592888355255, "avg_inference_tokens_per_second": 688.6266631351763}