{"final_train_loss": 0.8232390284538269, "best_val_loss": 1.4522305727005005, "total_train_time": 77.72565627098083, "avg_inference_tokens_per_second": 687.50564621723}