{"final_train_loss": 0.14904078841209412, "final_val_loss": 8.313570022583008, "final_train_acc": 0.971484363079071, "final_val_acc": 0.01025390625, "step_val_acc_99": 7500}