{"final_train_loss": 0.011907986365258694, "final_val_loss": 0.013109116815030575, "final_train_acc": 1.0, "final_val_acc": 1.0, "step_val_acc_99": 2340}