{"final_train_loss": 0.007246166467666626, "final_val_loss": 0.007693130057305098, "final_train_acc": 1.0, "final_val_acc": 1.0, "step_val_acc_99": 3520}