{"final_train_loss": 0.01625704951584339, "final_val_loss": 0.02620457485318184, "final_train_acc": 1.0, "final_val_acc": 1.0, "step_val_acc_99": 3020}