{"final_train_loss": 0.014368048869073391, "final_val_loss": 0.01680116355419159, "final_train_acc": 1.0, "final_val_acc": 1.0, "step_val_acc_99": 1690}