{"final_train_loss": 1.6529350280761719, "final_val_loss": 0.9428965449333191, "final_train_acc": 0.5855469107627869, "final_val_acc": 0.771728515625, "step_val_acc_99": 3420}