{"final_train_loss": 0.0096606919541955, "final_val_loss": 0.013318647630512714, "final_train_acc": 1.0, "final_val_acc": 1.0, "step_val_acc_99": 6530}