{"x_div_y": {"means": {"final_train_loss_mean": 0.01063782007743915, "final_val_loss_mean": 0.013439580953369537, "final_train_acc_mean": 1.0, "final_val_acc_mean": 1.0, "step_val_acc_99_mean": 3393.3333333333335}, "stderrs": {"final_train_loss_stderr": 0.0008077711691141131, "final_val_loss_stderr": 0.0016108405993164405, "final_train_acc_stderr": 0.0, "final_val_acc_stderr": 0.0, "step_val_acc_99_stderr": 271.0928955629257}, "final_info_dict": {"final_train_loss": [0.012759307399392128, 0.007246166467666626, 0.011907986365258694], "final_val_loss": [0.01951649598777294, 0.007693130057305098, 0.013109116815030575], "final_train_acc": [1.0, 1.0, 1.0], "final_val_acc": [1.0, 1.0, 1.0], "step_val_acc_99": [4320, 3520, 2340]}}, "x_minus_y": {"means": {"final_train_loss_mean": 0.5639616517970959, "final_val_loss_mean": 0.329333508387208, "final_train_acc_mean": 0.8618489702542623, "final_val_acc_mean": 0.9239095052083334, "step_val_acc_99_mean": 2836.6666666666665}, "stderrs": {"final_train_loss_stderr": 0.2566749804793359, "final_val_loss_stderr": 0.14462161132418247, "final_train_acc_stderr": 0.06512501997407705, "final_val_acc_stderr": 0.03586940323401812, "step_val_acc_99_stderr": 188.72541946070032}, "final_info_dict": {"final_train_loss": [0.01625704951584339, 1.6529350280761719, 0.022692877799272537], "final_val_loss": [0.02620457485318184, 0.9428965449333191, 0.018899405375123024], "final_train_acc": [1.0, 0.5855469107627869, 1.0], "final_val_acc": [1.0, 0.771728515625, 1.0], "step_val_acc_99": [3020, 3420, 2070]}}, "x_plus_y": {"means": {"final_train_loss_mean": 0.009642693990220627, "final_val_loss_mean": 0.010819098756959042, "final_train_acc_mean": 1.0, "final_val_acc_mean": 1.0, "step_val_acc_99_mean": 1410.0}, "stderrs": {"final_train_loss_stderr": 0.0011147385460088812, "final_val_loss_stderr": 0.0014142454869103826, "final_train_acc_stderr": 0.0, "final_val_acc_stderr": 0.0, "step_val_acc_99_stderr": 67.3850186669169}, "final_info_dict": {"final_train_loss": [0.014368048869073391, 0.007450114469975233, 0.0071099186316132545], "final_val_loss": [0.01680116355419159, 0.008231048472225666, 0.0074250842444598675], "final_train_acc": [1.0, 1.0, 1.0], "final_val_acc": [1.0, 1.0, 1.0], "step_val_acc_99": [1690, 1320, 1220]}}, "permutation": {"means": {"final_train_loss_mean": 0.06503703476240237, "final_val_loss_mean": 3.2746603057409325, "final_train_acc_mean": 0.9893229206403097, "final_val_acc_mean": 0.5225423177083334, "step_val_acc_99_mean": 7176.666666666667}, "stderrs": {"final_train_loss_stderr": 0.020131694765493823, "final_val_loss_stderr": 1.2047238618414524, "final_train_acc_stderr": 0.0042317185439470295, "final_val_acc_stderr": 0.13493735646562136, "step_val_acc_99_stderr": 152.4207950557669}, "final_info_dict": {"final_train_loss": [0.14904078841209412, 0.0096606919541955, 0.03640962392091751], "final_val_loss": [8.313570022583008, 0.013318647630512714, 1.4970922470092773], "final_train_acc": [0.971484363079071, 1.0, 0.9964843988418579], "final_val_acc": [0.01025390625, 1.0, 0.557373046875], "step_val_acc_99": [7500, 6530, 7500]}}}