{"final_train_loss": 0.012759307399392128, "final_val_loss": 0.01951649598777294, "final_train_acc": 1.0, "final_val_acc": 1.0, "step_val_acc_99": 4320}