{"final_train_loss": 0.007450114469975233, "final_val_loss": 0.008231048472225666, "final_train_acc": 1.0, "final_val_acc": 1.0, "step_val_acc_99": 1320}