{"final_train_loss": 0.0071099186316132545, "final_val_loss": 0.0074250842444598675, "final_train_acc": 1.0, "final_val_acc": 1.0, "step_val_acc_99": 1220}