{"final_train_loss": 0.022692877799272537, "final_val_loss": 0.018899405375123024, "final_train_acc": 1.0, "final_val_acc": 1.0, "step_val_acc_99": 2070}