{"final_train_loss": 0.03640962392091751, "final_val_loss": 1.4970922470092773, "final_train_acc": 0.9964843988418579, "final_val_acc": 0.557373046875, "step_val_acc_99": 7500}