{"circle": {"means": {"training_time": 71.97255516052246, "eval_loss": 0.3564325174712159, "inference_time": 0.20382189750671387, "kl_divergence": 0.3037373791494471, "coarse_grid_variance": 0.009866484440863132, "fine_grid_variance": 0.0006281131645664573}}, "dino": {"means": {"training_time": 69.65299201011658, "eval_loss": 0.62442735523519, "inference_time": 0.1962118148803711, "kl_divergence": 1.194079712419011, "coarse_grid_variance": 0.007552552502602339, "fine_grid_variance": 0.000691052817273885}}, "line": {"means": {"training_time": 69.10427355766296, "eval_loss": 0.6286360190042755, "inference_time": 0.20228934288024902, "kl_divergence": 0.31122159740858746, "coarse_grid_variance": 0.009874102659523487, "fine_grid_variance": 0.001136363367550075}}, "moons": {"means": {"training_time": 71.32003784179688, "eval_loss": 0.5598345261705501, "inference_time": 0.1957569122314453, "kl_divergence": 0.13601490492887555, "coarse_grid_variance": 0.010428276844322681, "fine_grid_variance": 0.0008094563381746411}}}