{"circle": {"means": {"training_time": 72.2452929019928, "eval_loss": 0.3957345437668169, "inference_time": 0.19002866744995117, "kl_divergence": 0.33404137005932666, "grid_variance": 0.002777667250484228}}, "dino": {"means": {"training_time": 70.31516480445862, "eval_loss": 0.6458895817742019, "inference_time": 0.18693757057189941, "kl_divergence": 1.1301831225390124, "grid_variance": 0.0023937306832522154}}, "line": {"means": {"training_time": 76.5330286026001, "eval_loss": 0.7712131371278592, "inference_time": 0.18567490577697754, "kl_divergence": 0.18761912891235336, "grid_variance": 0.0035206619650125504}}, "moons": {"means": {"training_time": 73.73473834991455, "eval_loss": 0.589565737320639, "inference_time": 0.19662714004516602, "kl_divergence": 0.11135187421983446, "grid_variance": 0.0031416022684425116}}}