{"final_train_loss": 1.159803867340088, "best_val_loss": 1.0032024383544922, "total_train_time": 969.5262658596039, "avg_inference_tokens_per_second": 531.1808650137853}