{"final_train_loss": 1.2369663715362549, "best_val_loss": 1.4925225973129272, "total_train_time": 90.01761507987976, "avg_inference_tokens_per_second": 529.1281715071688}