{"final_train_loss": 1.2448828220367432, "best_val_loss": 1.4979171752929688, "total_train_time": 85.97938895225525, "avg_inference_tokens_per_second": 537.1526832623192}