{"final_train_loss": 1.11098313331604, "best_val_loss": 0.9339989423751831, "total_train_time": 966.2461061477661, "avg_inference_tokens_per_second": 530.6660717341676}