{"final_train_loss": 1.234748363494873, "best_val_loss": 1.4918240308761597, "total_train_time": 86.73972821235657, "avg_inference_tokens_per_second": 537.395880036143}