{"final_train_loss": 0.005759147927165031, "final_val_loss": 0.03851684555411339, "final_train_acc": 1.0, "final_val_acc": 0.99853515625, "step_val_acc_99": 6830}