{"final_train_loss": 0.009065982885658741, "final_val_loss": 0.010434000752866268, "final_train_acc": 1.0, "final_val_acc": 1.0, "step_val_acc_99": 4240}