{"final_train_loss": 0.01202431134879589, "final_val_loss": 0.013799581676721573, "final_train_acc": 1.0, "final_val_acc": 1.0, "step_val_acc_99": 2120}