{"final_train_loss": 0.01294045802205801, "final_val_loss": 0.01528768427670002, "final_train_acc": 1.0, "final_val_acc": 1.0, "step_val_acc_99": 1000}