{"final_train_loss": 0.027733882889151573, "final_val_loss": 0.027074063196778297, "final_train_acc": 1.0, "final_val_acc": 1.0, "step_val_acc_99": 1700}