{"final_train_loss": 0.015948032960295677, "final_val_loss": 0.016535796225070953, "final_train_acc": 1.0, "final_val_acc": 1.0, "step_val_acc_99": 1840}