{"final_train_loss": 0.04081301391124725, "final_val_loss": 0.0318509116768837, "final_train_acc": 1.0, "final_val_acc": 0.99951171875, "step_val_acc_99": 1070}