{"final_train_loss": 0.00939746480435133, "final_val_loss": 0.00992242619395256, "final_train_acc": 1.0, "final_val_acc": 1.0, "step_val_acc_99": 4080}