{"final_train_loss": 0.011201928369700909, "final_val_loss": 0.01167101226747036, "final_train_acc": 1.0, "final_val_acc": 1.0, "step_val_acc_99": 1950}