{"final_train_loss": 0.005693361628800631, "final_val_loss": 0.005852468311786652, "final_train_acc": 1.0, "final_val_acc": 1.0, "step_val_acc_99": 1150}