{"x_div_y": {"means": {"final_train_loss_mean": 0.01698670753588279, "final_val_loss_mean": 0.017514885713656742, "final_train_acc_mean": 1.0, "final_val_acc_mean": 1.0, "step_val_acc_99_mean": 1923.3333333333333}, "stderrs": {"final_train_loss_stderr": 0.0025356044205512534, "final_val_loss_stderr": 0.0022716629175458364, "final_train_acc_stderr": 0.0, "final_val_acc_stderr": 0.0, "step_val_acc_99_stderr": 57.49932903526939}, "final_info_dict": {"final_train_loss": [0.011201928369700909, 0.01202431134879589, 0.027733882889151573], "final_val_loss": [0.01167101226747036, 0.013799581676721573, 0.027074063196778297], "final_train_acc": [1.0, 1.0, 1.0], "final_val_acc": [1.0, 1.0, 1.0], "step_val_acc_99": [1950, 2120, 1700]}}, "x_minus_y": {"means": {"final_train_loss_mean": 0.014406122267246246, "final_val_loss_mean": 0.015370885841548443, "final_train_acc_mean": 1.0, "final_val_acc_mean": 1.0, "step_val_acc_99_mean": 2063.3333333333335}, "stderrs": {"final_train_loss_stderr": 0.001065914012043497, "final_val_loss_stderr": 0.0012250527419678905, "final_train_acc_stderr": 0.0, "final_val_acc_stderr": 0.0, "step_val_acc_99_stderr": 57.499329035269376}, "final_info_dict": {"final_train_loss": [0.01731690764427185, 0.009953426197171211, 0.015948032960295677], "final_val_loss": [0.019175048917531967, 0.010401812382042408, 0.016535796225070953], "final_train_acc": [1.0, 1.0, 1.0], "final_val_acc": [1.0, 1.0, 1.0], "step_val_acc_99": [2260, 2090, 1840]}}, "x_plus_y": {"means": {"final_train_loss_mean": 0.01981561118736863, "final_val_loss_mean": 0.01766368808845679, "final_train_acc_mean": 1.0, "final_val_acc_mean": 0.9998372395833334, "step_val_acc_99_mean": 1073.3333333333333}, "stderrs": {"final_train_loss_stderr": 0.005046438365560042, "final_val_loss_stderr": 0.003581990031803154, "final_train_acc_stderr": 0.0, "final_val_acc_stderr": 7.672599622249864e-05, "step_val_acc_99_stderr": 20.427529234278037}, "final_info_dict": {"final_train_loss": [0.005693361628800631, 0.01294045802205801, 0.04081301391124725], "final_val_loss": [0.005852468311786652, 0.01528768427670002, 0.0318509116768837], "final_train_acc": [1.0, 1.0, 1.0], "final_val_acc": [1.0, 1.0, 0.99951171875], "step_val_acc_99": [1150, 1000, 1070]}}, "permutation": {"means": {"final_train_loss_mean": 0.008074198539058367, "final_val_loss_mean": 0.019624424166977406, "final_train_acc_mean": 1.0, "final_val_acc_mean": 0.99951171875, "step_val_acc_99_mean": 5050.0}, "stderrs": {"final_train_loss_stderr": 0.000547524027365606, "final_val_loss_stderr": 0.004453530572263586, "final_train_acc_stderr": 0.0, "final_val_acc_stderr": 0.00023017798866749596, "step_val_acc_99_stderr": 420.1146228070338}, "final_info_dict": {"final_train_loss": [0.009065982885658741, 0.00939746480435133, 0.005759147927165031], "final_val_loss": [0.010434000752866268, 0.00992242619395256, 0.03851684555411339], "final_train_acc": [1.0, 1.0, 1.0], "final_val_acc": [1.0, 1.0, 0.99853515625], "step_val_acc_99": [4240, 4080, 6830]}}}