{"final_train_loss": 0.01731690764427185, "final_val_loss": 0.019175048917531967, "final_train_acc": 1.0, "final_val_acc": 1.0, "step_val_acc_99": 2260}