{"circle": {"means": {"training_time": 92.74024367332458, "eval_loss": 0.38806242612011904, "inference_time": 0.20195341110229492, "kl_divergence": 0.32921579827236946, "coarse_grid_variance": 0.010841859504580498, "fine_grid_variance": 2.171691626529082e-08}}, "dino": {"means": {"training_time": 85.23258829116821, "eval_loss": 0.6402945486480928, "inference_time": 0.20032119750976562, "kl_divergence": 1.060445134241457, "coarse_grid_variance": 0.007566884160041809, "fine_grid_variance": 3.2478275575681045e-14}}, "line": {"means": {"training_time": 88.40498042106628, "eval_loss": 0.7682128370265522, "inference_time": 0.18747401237487793, "kl_divergence": 0.2122429373440695, "coarse_grid_variance": 0.00827354472130537, "fine_grid_variance": 1.2395727907256503e-15}}, "moons": {"means": {"training_time": 94.39435744285583, "eval_loss": 0.5868149661956845, "inference_time": 0.1909193992614746, "kl_divergence": 0.10023529524728285, "coarse_grid_variance": 0.01061239279806614, "fine_grid_variance": 1.8143602939502124e-12}}}