{"final_train_loss": 0.0021045354660600424, "final_val_loss": 0.0021424738224595785, "final_train_acc": 1.0, "final_val_acc": 1.0, "step_val_acc_99": 2770, "step_val_acc_95": 2570}