{"x_div_y": {"means": {"final_train_loss_mean": 0.43493669751721126, "final_val_loss_mean": 0.5295936224671701, "final_train_acc_mean": 0.8995442787806193, "final_val_acc_mean": 0.8900553385416666, "step_val_acc_99_mean": 4166.666666666667, "step_val_acc_95_mean": 4010.0}, "stderrs": {"final_train_loss_stderr": 0.1858396412758231, "final_val_loss_stderr": 0.23746261668257132, "final_train_acc_stderr": 0.04671226761942996, "final_val_acc_stderr": 0.051828410448297835, "step_val_acc_99_stderr": 83.32592559667854, "step_val_acc_95_stderr": 66.8331255192114}, "final_info_dict": {"final_train_loss": [1.2222009897232056, 0.0787508636713028, 0.003858239157125354], "final_val_loss": [1.5367504358291626, 0.047718632966279984, 0.004311798606067896], "final_train_acc": [0.701367199420929, 0.997265636920929, 1.0], "final_val_acc": [0.670166015625, 1.0, 1.0], "step_val_acc_99": [4400, 3820, 4280], "step_val_acc_95": [4220, 3740, 4070]}}, "x_minus_y": {"means": {"final_train_loss_mean": 0.005072474246844649, "final_val_loss_mean": 0.006565834938858946, "final_train_acc_mean": 1.0, "final_val_acc_mean": 1.0, "step_val_acc_99_mean": 4483.333333333333, "step_val_acc_95_mean": 4333.333333333333}, "stderrs": {"final_train_loss_stderr": 0.0004159421752610818, "final_val_loss_stderr": 0.0006335305477779657, "final_train_acc_stderr": 0.0, "final_val_acc_stderr": 0.0, "step_val_acc_99_stderr": 161.0689600032955, "step_val_acc_95_stderr": 160.9539463309495}, "final_info_dict": {"final_train_loss": [0.005430256016552448, 0.006390112917870283, 0.0033970538061112165], "final_val_loss": [0.00807950273156166, 0.0077325343154370785, 0.0038854677695780993], "final_train_acc": [1.0, 1.0, 1.0], "final_val_acc": [1.0, 1.0, 1.0], "step_val_acc_99": [5150, 4280, 4020], "step_val_acc_95": [4980, 4200, 3820]}}, "x_plus_y": {"means": {"final_train_loss_mean": 0.005436841010426481, "final_val_loss_mean": 0.005422429492076238, "final_train_acc_mean": 1.0, "final_val_acc_mean": 1.0, "step_val_acc_99_mean": 2730.0, "step_val_acc_95_mean": 2596.6666666666665}, "stderrs": {"final_train_loss_stderr": 0.0015937020150759863, "final_val_loss_stderr": 0.0015643042947086421, "final_train_acc_stderr": 0.0, "final_val_acc_stderr": 0.0, "step_val_acc_99_stderr": 106.56244908763854, "step_val_acc_95_stderr": 117.19983988528229}, "final_info_dict": {"final_train_loss": [0.012198115698993206, 0.0020078718662261963, 0.0021045354660600424], "final_val_loss": [0.012059062719345093, 0.0020657519344240427, 0.0021424738224595785], "final_train_acc": [1.0, 1.0, 1.0], "final_val_acc": [1.0, 1.0, 1.0], "step_val_acc_99": [3100, 2320, 2770], "step_val_acc_95": [3040, 2180, 2570]}}, "permutation": {"means": {"final_train_loss_mean": 0.06365254408835123, "final_val_loss_mean": 4.672119283738236, "final_train_acc_mean": 0.9929036498069763, "final_val_acc_mean": 0.3465169270833333, "step_val_acc_99_mean": 7403.333333333333, "step_val_acc_95_mean": 7363.333333333333}, "stderrs": {"final_train_loss_stderr": 0.026182888090865778, "final_val_loss_stderr": 1.1115511186444487, "final_train_acc_stderr": 0.003345251562107674, "final_val_acc_stderr": 0.15404705719240822, "step_val_acc_99_stderr": 45.5691036764664, "step_val_acc_95_stderr": 64.42528450810767}, "final_info_dict": {"final_train_loss": [0.016062607988715172, 0.0005208909278735518, 0.17437413334846497], "final_val_loss": [6.427539348602295, 0.003796529956161976, 7.58502197265625], "final_train_acc": [1.0, 1.0, 0.978710949420929], "final_val_acc": [0.02880859375, 1.0, 0.0107421875], "step_val_acc_99": [7500, 7210, 7500], "step_val_acc_95": [7500, 7090, 7500]}}}