{"final_train_loss": 0.005430256016552448, "final_val_loss": 0.00807950273156166, "final_train_acc": 1.0, "final_val_acc": 1.0, "step_val_acc_99": 5150, "step_val_acc_95": 4980}