{"final_train_loss": 1.2222009897232056, "final_val_loss": 1.5367504358291626, "final_train_acc": 0.701367199420929, "final_val_acc": 0.670166015625, "step_val_acc_99": 4400, "step_val_acc_95": 4220}