{"final_train_loss": 0.0033970538061112165, "final_val_loss": 0.0038854677695780993, "final_train_acc": 1.0, "final_val_acc": 1.0, "step_val_acc_99": 4020, "step_val_acc_95": 3820}