{"final_train_loss": 0.0020078718662261963, "final_val_loss": 0.0020657519344240427, "final_train_acc": 1.0, "final_val_acc": 1.0, "step_val_acc_99": 2320, "step_val_acc_95": 2180}