{"final_train_loss": 0.016062607988715172, "final_val_loss": 6.427539348602295, "final_train_acc": 1.0, "final_val_acc": 0.02880859375, "step_val_acc_99": 7500, "step_val_acc_95": 7500}