{"final_train_loss": 0.0005208909278735518, "final_val_loss": 0.003796529956161976, "final_train_acc": 1.0, "final_val_acc": 1.0, "step_val_acc_99": 7210, "step_val_acc_95": 7090}