{"final_train_loss": 0.17437413334846497, "final_val_loss": 7.58502197265625, "final_train_acc": 0.978710949420929, "final_val_acc": 0.0107421875, "step_val_acc_99": 7500, "step_val_acc_95": 7500}