{"final_train_loss": 0.012198115698993206, "final_val_loss": 0.012059062719345093, "final_train_acc": 1.0, "final_val_acc": 1.0, "step_val_acc_99": 3100, "step_val_acc_95": 3040}