{"final_train_loss": 0.006390112917870283, "final_val_loss": 0.0077325343154370785, "final_train_acc": 1.0, "final_val_acc": 1.0, "step_val_acc_99": 4280, "step_val_acc_95": 4200}