{"final_train_loss": 0.0787508636713028, "final_val_loss": 0.047718632966279984, "final_train_acc": 0.997265636920929, "final_val_acc": 1.0, "step_val_acc_99": 3820, "step_val_acc_95": 3740}