{"final_train_loss": 0.003858239157125354, "final_val_loss": 0.004311798606067896, "final_train_acc": 1.0, "final_val_acc": 1.0, "step_val_acc_99": 4280, "step_val_acc_95": 4070}