{"final_train_loss": 0.8279916644096375, "best_val_loss": 1.4678442478179932, "total_train_time": 78.75571584701538, "avg_inference_tokens_per_second": 659.5139392364011}