{"final_train_loss": 0.7938364744186401, "best_val_loss": 1.4658530950546265, "total_train_time": 77.01239943504333, "avg_inference_tokens_per_second": 673.8973927892744}