{"final_train_loss": 1.0013301372528076, "best_val_loss": 0.979989230632782, "total_train_time": 801.224205493927, "avg_inference_tokens_per_second": 671.5678332249411}