{"final_train_loss": 0.01175749208778143, "final_val_loss": 0.012670669704675674, "final_train_acc": 1.0, "final_val_acc": 1.0, "step_val_acc_99": 2020}