{"final_train_loss": 0.0033987020142376423, "final_val_loss": 0.004251229111105204, "final_train_acc": 1.0, "final_val_acc": 1.0, "step_val_acc_99": 5850}