{"final_train_loss": 0.025743449106812477, "final_val_loss": 6.927606105804443, "final_train_acc": 0.999218761920929, "final_val_acc": 0.0166015625, "step_val_acc_99": 7500}