{"final_train_loss": 0.006409990135580301, "final_val_loss": 0.00859040580689907, "final_train_acc": 1.0, "final_val_acc": 1.0, "step_val_acc_99": 4260}