{"final_train_loss": 0.12867219746112823, "final_val_loss": 0.07646990567445755, "final_train_acc": 0.9927734732627869, "final_val_acc": 0.99658203125, "step_val_acc_99": 2170}