{"final_train_loss": 0.006500091403722763, "final_val_loss": 0.0073015568777918816, "final_train_acc": 1.0, "final_val_acc": 1.0, "step_val_acc_99": 2220}