{"x_div_y": {"means": {"final_train_loss_mean": 0.0057101390945414705, "final_val_loss_mean": 0.006926700938493013, "final_train_acc_mean": 1.0, "final_val_acc_mean": 1.0, "step_val_acc_99_mean": 3463.3333333333335}, "stderrs": {"final_train_loss_stderr": 0.00024637054996993205, "final_val_loss_stderr": 0.0004400588723660869, "final_train_acc_stderr": 0.0, "final_val_acc_stderr": 0.0, "step_val_acc_99_stderr": 193.07134228019584}, "final_info_dict": {"final_train_loss": [0.006409990135580301, 0.004687840584665537, 0.0060325865633785725], "final_val_loss": [0.00859040580689907, 0.00536111555993557, 0.0068285814486444], "final_train_acc": [1.0, 1.0, 1.0], "final_val_acc": [1.0, 1.0, 1.0], "step_val_acc_99": [4260, 2900, 3230]}}, "x_minus_y": {"means": {"final_train_loss_mean": 0.07778730530602236, "final_val_loss_mean": 0.05283881491050124, "final_train_acc_mean": 0.9914713501930237, "final_val_acc_mean": 0.9942220052083334, "step_val_acc_99_mean": 3640.0}, "stderrs": {"final_train_loss_stderr": 0.03484569808351099, "final_val_loss_stderr": 0.022869637229507227, "final_train_acc_stderr": 0.004020444075252196, "final_val_acc_stderr": 0.0027237728658987023, "step_val_acc_99_stderr": 68.69147340477214}, "final_info_dict": {"final_train_loss": [0.22562138736248016, 0.0029651408549398184, 0.004775387700647116], "final_val_loss": [0.1498567909002304, 0.0031430684030056, 0.005516585428267717], "final_train_acc": [0.974414050579071, 1.0, 1.0], "final_val_acc": [0.982666015625, 1.0, 1.0], "step_val_acc_99": [3470, 3520, 3930]}}, "x_plus_y": {"means": {"final_train_loss_mean": 0.048976593650877476, "final_val_loss_mean": 0.03214737741897503, "final_train_acc_mean": 0.9975911577542623, "final_val_acc_mean": 0.9988606770833334, "step_val_acc_99_mean": 2136.6666666666665}, "stderrs": {"final_train_loss_stderr": 0.018798053515267314, "final_val_loss_stderr": 0.010472439053536479, "final_train_acc_stderr": 0.0011355391245131785, "final_val_acc_stderr": 0.0005370819735574906, "step_val_acc_99_stderr": 28.327886186626582}, "final_info_dict": {"final_train_loss": [0.006500091403722763, 0.01175749208778143, 0.12867219746112823], "final_val_loss": [0.0073015568777918816, 0.012670669704675674, 0.07646990567445755], "final_train_acc": [1.0, 1.0, 0.9927734732627869], "final_val_acc": [1.0, 1.0, 0.99658203125], "step_val_acc_99": [2220, 2020, 2170]}}, "permutation": {"means": {"final_train_loss_mean": 0.054390662194540106, "final_val_loss_mean": 2.36757427531605, "final_train_acc_mean": 0.9977213541666666, "final_val_acc_mean": 0.6680501302083334, "step_val_acc_99_mean": 6460.0}, "stderrs": {"final_train_loss_stderr": 0.01901582259256217, "final_val_loss_stderr": 1.0750489325424666, "final_train_acc_stderr": 0.0008963514008485644, "final_val_acc_stderr": 0.15355724839005652, "step_val_acc_99_stderr": 246.35114955869173}, "final_info_dict": {"final_train_loss": [0.025743449106812477, 0.0033987020142376423, 0.1340298354625702], "final_val_loss": [6.927606105804443, 0.004251229111105204, 0.1708654910326004], "final_train_acc": [0.999218761920929, 1.0, 0.993945300579071], "final_val_acc": [0.0166015625, 1.0, 0.987548828125], "step_val_acc_99": [7500, 5850, 6030]}}}