{"final_train_loss": 0.004775387700647116, "final_val_loss": 0.005516585428267717, "final_train_acc": 1.0, "final_val_acc": 1.0, "step_val_acc_99": 3930}