{"final_train_loss": 0.004687840584665537, "final_val_loss": 0.00536111555993557, "final_train_acc": 1.0, "final_val_acc": 1.0, "step_val_acc_99": 2900}