{"final_train_loss": 0.0029651408549398184, "final_val_loss": 0.0031430684030056, "final_train_acc": 1.0, "final_val_acc": 1.0, "step_val_acc_99": 3520}