{"final_train_loss": 0.0060325865633785725, "final_val_loss": 0.0068285814486444, "final_train_acc": 1.0, "final_val_acc": 1.0, "step_val_acc_99": 3230}