{"final_train_loss": 0.1340298354625702, "final_val_loss": 0.1708654910326004, "final_train_acc": 0.993945300579071, "final_val_acc": 0.987548828125, "step_val_acc_99": 6030}