{"final_train_loss": 0.22562138736248016, "final_val_loss": 0.1498567909002304, "final_train_acc": 0.974414050579071, "final_val_acc": 0.982666015625, "step_val_acc_99": 3470}