{"circle": {"means": {"training_time": 76.7284095287323, "eval_loss": 0.44064563596644973, "inference_time": 0.2985854148864746, "kl_divergence": 0.3610795315315597}}, "dino": {"means": {"training_time": 81.04552888870239, "eval_loss": 0.6684170478140302, "inference_time": 0.2813124656677246, "kl_divergence": 1.0343572533041825}}, "line": {"means": {"training_time": 86.87003922462463, "eval_loss": 0.8020361468310246, "inference_time": 0.29435014724731445, "kl_divergence": 0.14756397445109098}}, "moons": {"means": {"training_time": 82.37207579612732, "eval_loss": 0.6139750773339625, "inference_time": 0.2791574001312256, "kl_divergence": 0.10025829915007056}}}