{"x_div_y": {"means": {"final_train_loss_mean": 0.008354708241919676, "final_val_loss_mean": 0.011441233102232218, "final_train_acc_mean": 1.0, "final_val_acc_mean": 0.9998372395833334, "step_val_acc_99_mean": 4936.666666666667, "step_val_acc_95_mean": 4730.0}, "stderrs": {"final_train_loss_stderr": 0.0014735365801172588, "final_val_loss_stderr": 0.0019381884998325733, "final_train_acc_stderr": 0.0, "final_val_acc_stderr": 7.672599622249864e-05, "step_val_acc_99_stderr": 57.37035841522482, "step_val_acc_95_stderr": 37.712361663282536}, "final_info_dict": {"final_train_loss": [0.014405915513634682, 0.00396901136264205, 0.006689197849482298], "final_val_loss": [0.019144875928759575, 0.005098593886941671, 0.010080229490995407], "final_train_acc": [1.0, 1.0, 1.0], "final_val_acc": [0.99951171875, 1.0, 1.0], "step_val_acc_99": [5170, 4760, 4880], "step_val_acc_95": [4890, 4650, 4650]}}, "x_minus_y": {"means": {"final_train_loss_mean": 0.007641426908473174, "final_val_loss_mean": 0.008991221897304058, "final_train_acc_mean": 1.0, "final_val_acc_mean": 1.0, "step_val_acc_99_mean": 3633.3333333333335, "step_val_acc_95_mean": 3436.6666666666665}, "stderrs": {"final_train_loss_stderr": 0.0005420315111547188, "final_val_loss_stderr": 0.0006546195600923812, "final_train_acc_stderr": 0.0, "final_val_acc_stderr": 0.0, "step_val_acc_99_stderr": 193.2247460061361, "step_val_acc_95_stderr": 182.78368784771214}, "final_info_dict": {"final_train_loss": [0.005435747094452381, 0.008180788718163967, 0.009307744912803173], "final_val_loss": [0.006216202862560749, 0.010280938819050789, 0.010476524010300636], "final_train_acc": [1.0, 1.0, 1.0], "final_val_acc": [1.0, 1.0, 1.0], "step_val_acc_99": [4290, 3730, 2880], "step_val_acc_95": [4080, 3490, 2740]}}, "x_plus_y": {"means": {"final_train_loss_mean": 0.004892099493493636, "final_val_loss_mean": 0.0053673600777983665, "final_train_acc_mean": 1.0, "final_val_acc_mean": 1.0, "step_val_acc_99_mean": 2573.3333333333335, "step_val_acc_95_mean": 2413.3333333333335}, "stderrs": {"final_train_loss_stderr": 0.0005249897022755484, "final_val_loss_stderr": 0.0006515304618213381, "final_train_acc_stderr": 0.0, "final_val_acc_stderr": 0.0, "step_val_acc_99_stderr": 52.86834334831253, "step_val_acc_95_stderr": 36.24334762288909}, "final_info_dict": {"final_train_loss": [0.0037313923239707947, 0.0038261357694864273, 0.007118770387023687], "final_val_loss": [0.003994994796812534, 0.003975538536906242, 0.008131546899676323], "final_train_acc": [1.0, 1.0, 1.0], "final_val_acc": [1.0, 1.0, 1.0], "step_val_acc_99": [2620, 2360, 2740], "step_val_acc_95": [2480, 2260, 2500]}}, "permutation": {"means": {"final_train_loss_mean": 0.04706853084887067, "final_val_loss_mean": 5.52877648981909, "final_train_acc_mean": 0.9950520793596903, "final_val_acc_mean": 0.3372395833333333, "step_val_acc_99_mean": 7120.0, "step_val_acc_95_mean": 7070.0}, "stderrs": {"final_train_loss_stderr": 0.010551843113731781, "final_val_loss_stderr": 1.3140513640202107, "final_train_acc_stderr": 0.001224158799888449, "final_val_acc_stderr": 0.15621448160242632, "step_val_acc_99_stderr": 179.13371790059205, "step_val_acc_95_stderr": 202.70394394014363}, "final_info_dict": {"final_train_loss": [0.07951507717370987, 0.004133368376642466, 0.05755714699625969], "final_val_loss": [7.626491546630859, 0.006602296605706215, 8.953235626220703], "final_train_acc": [0.9912109375, 1.0, 0.993945300579071], "final_val_acc": [0.007080078125, 1.0, 0.004638671875], "step_val_acc_99": [7500, 6360, 7500], "step_val_acc_95": [7500, 6210, 7500]}}}