{"final_train_loss": 0.008180788718163967, "final_val_loss": 0.010280938819050789, "final_train_acc": 1.0, "final_val_acc": 1.0, "step_val_acc_99": 3730, "step_val_acc_95": 3490}