{"final_train_loss": 0.07951507717370987, "final_val_loss": 7.626491546630859, "final_train_acc": 0.9912109375, "final_val_acc": 0.007080078125, "step_val_acc_99": 7500, "step_val_acc_95": 7500}