{"final_train_loss": 0.00396901136264205, "final_val_loss": 0.005098593886941671, "final_train_acc": 1.0, "final_val_acc": 1.0, "step_val_acc_99": 4760, "step_val_acc_95": 4650}