{"final_train_loss": 0.005435747094452381, "final_val_loss": 0.006216202862560749, "final_train_acc": 1.0, "final_val_acc": 1.0, "step_val_acc_99": 4290, "step_val_acc_95": 4080}