{"final_train_loss": 0.009307744912803173, "final_val_loss": 0.010476524010300636, "final_train_acc": 1.0, "final_val_acc": 1.0, "step_val_acc_99": 2880, "step_val_acc_95": 2740}