{"final_train_loss": 0.007118770387023687, "final_val_loss": 0.008131546899676323, "final_train_acc": 1.0, "final_val_acc": 1.0, "step_val_acc_99": 2740, "step_val_acc_95": 2500}