{"final_train_loss": 0.004133368376642466, "final_val_loss": 0.006602296605706215, "final_train_acc": 1.0, "final_val_acc": 1.0, "step_val_acc_99": 6360, "step_val_acc_95": 6210}