{"final_train_loss": 0.014405915513634682, "final_val_loss": 0.019144875928759575, "final_train_acc": 1.0, "final_val_acc": 0.99951171875, "step_val_acc_99": 5170, "step_val_acc_95": 4890}