{"final_train_loss": 0.006689197849482298, "final_val_loss": 0.010080229490995407, "final_train_acc": 1.0, "final_val_acc": 1.0, "step_val_acc_99": 4880, "step_val_acc_95": 4650}