{"final_train_loss": 0.0038261357694864273, "final_val_loss": 0.003975538536906242, "final_train_acc": 1.0, "final_val_acc": 1.0, "step_val_acc_99": 2360, "step_val_acc_95": 2260}