{"final_train_loss": 0.0037313923239707947, "final_val_loss": 0.003994994796812534, "final_train_acc": 1.0, "final_val_acc": 1.0, "step_val_acc_99": 2620, "step_val_acc_95": 2480}