{"final_train_loss": 0.05755714699625969, "final_val_loss": 8.953235626220703, "final_train_acc": 0.993945300579071, "final_val_acc": 0.004638671875, "step_val_acc_99": 7500, "step_val_acc_95": 7500}