{"final_train_loss": 0.7900845408439636, "best_val_loss": 1.4684312343597412, "total_train_time": 74.90877747535706, "avg_inference_tokens_per_second": 687.2310034758996}