{"final_train_loss": 0.9926028251647949, "best_val_loss": 0.9795507192611694, "total_train_time": 796.1075961589813, "avg_inference_tokens_per_second": 691.9504174462957}