{"shakespeare_char": {"means": {"final_train_loss_mean": 0.8112714489301046, "best_val_loss_mean": 1.4664853016535442, "total_train_time_mean": 76.33582202593486, "avg_inference_tokens_per_second_mean": 680.220956113138}, "stderrs": {"final_train_loss_stderr": 0.005326803867162059, "best_val_loss_stderr": 0.0020083681805264622, "total_train_time_stderr": 0.5579030992631481, "avg_inference_tokens_per_second_stderr": 2.4157383504061922}, "final_info_dict": {"final_train_loss": [0.8286764025688171, 0.7900845408439636, 0.815053403377533], "best_val_loss": [1.4726965427398682, 1.4684312343597412, 1.458328127861023], "total_train_time": [78.68476843833923, 74.90877747535706, 75.41392016410828], "avg_inference_tokens_per_second": [670.2407786902007, 687.2310034758996, 683.1910861733138]}}, "enwik8": {"means": {"final_train_loss_mean": 0.9324554204940796, "best_val_loss_mean": 1.0050768852233887, "total_train_time_mean": 799.199625492096, "avg_inference_tokens_per_second_mean": 690.1664700419294}, "stderrs": {"final_train_loss_stderr": 0.0, "best_val_loss_stderr": 0.0, "total_train_time_stderr": 0.0, "avg_inference_tokens_per_second_stderr": 0.0}, "final_info_dict": {"final_train_loss": [0.9324554204940796], "best_val_loss": [1.0050768852233887], "total_train_time": [799.199625492096], "avg_inference_tokens_per_second": [690.1664700419294]}}, "text8": {"means": {"final_train_loss_mean": 0.9926028251647949, "best_val_loss_mean": 0.9795507192611694, "total_train_time_mean": 796.1075961589813, "avg_inference_tokens_per_second_mean": 691.9504174462957}, "stderrs": {"final_train_loss_stderr": 0.0, "best_val_loss_stderr": 0.0, "total_train_time_stderr": 0.0, "avg_inference_tokens_per_second_stderr": 0.0}, "final_info_dict": {"final_train_loss": [0.9926028251647949], "best_val_loss": [0.9795507192611694], "total_train_time": [796.1075961589813], "avg_inference_tokens_per_second": [691.9504174462957]}}}