{"final_train_loss": 0.9324554204940796, "best_val_loss": 1.0050768852233887, "total_train_time": 799.199625492096, "avg_inference_tokens_per_second": 690.1664700419294}