{"final_train_loss": 0.8286764025688171, "best_val_loss": 1.4726965427398682, "total_train_time": 78.68476843833923, "avg_inference_tokens_per_second": 670.2407786902007}