{"final_train_loss": 0.815053403377533, "best_val_loss": 1.458328127861023, "total_train_time": 75.41392016410828, "avg_inference_tokens_per_second": 683.1910861733138}