{"final_train_loss": 2.5009164810180664, "best_val_loss": 1.4847720861434937, "total_train_time": 87.83540797233582, "avg_inference_tokens_per_second": 511.2809081824388}