{"final_train_loss": 2.4089674949645996, "best_val_loss": 0.992989718914032, "total_train_time": 989.856653213501, "avg_inference_tokens_per_second": 507.8399709046604}