{"final_train_loss": 2.5282421112060547, "best_val_loss": 1.4881290197372437, "total_train_time": 88.11884927749634, "avg_inference_tokens_per_second": 508.30190159483925}