{"final_train_loss": 2.4316418170928955, "best_val_loss": 1.0229425430297852, "total_train_time": 991.5789885520935, "avg_inference_tokens_per_second": 517.8337904626172}