{"final_train_loss": 2.5735559463500977, "best_val_loss": 1.493649959564209, "total_train_time": 93.26338505744934, "avg_inference_tokens_per_second": 514.2751238597178}