{"shakespeare_char": {"means": {"final_train_loss_mean": 2.5342381795247397, "best_val_loss_mean": 1.4888503551483154, "total_train_time_mean": 89.73921410242717, "avg_inference_tokens_per_second_mean": 511.2859778789986}, "stderrs": {"final_train_loss_stderr": 0.009985499143267311, "best_val_loss_stderr": 0.0012200304398148646, "total_train_time_stderr": 0.8315501113397802, "avg_inference_tokens_per_second_stderr": 0.8128534710456384}, "final_info_dict": {"final_train_loss": [2.5735559463500977, 2.5009164810180664, 2.5282421112060547], "best_val_loss": [1.493649959564209, 1.4847720861434937, 1.4881290197372437], "total_train_time": [93.26338505744934, 87.83540797233582, 88.11884927749634], "avg_inference_tokens_per_second": [514.2751238597178, 511.2809081824388, 508.30190159483925]}}, "enwik8": {"means": {"final_train_loss_mean": 2.4316418170928955, "best_val_loss_mean": 1.0229425430297852, "total_train_time_mean": 991.5789885520935, "avg_inference_tokens_per_second_mean": 517.8337904626172}, "stderrs": {"final_train_loss_stderr": 0.0, "best_val_loss_stderr": 0.0, "total_train_time_stderr": 0.0, "avg_inference_tokens_per_second_stderr": 0.0}, "final_info_dict": {"final_train_loss": [2.4316418170928955], "best_val_loss": [1.0229425430297852], "total_train_time": [991.5789885520935], "avg_inference_tokens_per_second": [517.8337904626172]}}, "text8": {"means": {"final_train_loss_mean": 2.4089674949645996, "best_val_loss_mean": 0.992989718914032, "total_train_time_mean": 989.856653213501, "avg_inference_tokens_per_second_mean": 507.8399709046604}, "stderrs": {"final_train_loss_stderr": 0.0, "best_val_loss_stderr": 0.0, "total_train_time_stderr": 0.0, "avg_inference_tokens_per_second_stderr": 0.0}, "final_info_dict": {"final_train_loss": [2.4089674949645996], "best_val_loss": [0.992989718914032], "total_train_time": [989.856653213501], "avg_inference_tokens_per_second": [507.8399709046604]}}}