{"final_train_loss": 0.4140244424343109, "final_val_loss": 0.19906406104564667, "final_train_acc": 0.949023425579071, "final_val_acc": 0.9892578125, "step_val_acc_99": 2270, "step_val_acc_95": 2070}