{"final_train_loss": 0.13768161833286285, "final_val_loss": 8.1285400390625, "final_train_acc": 0.984179675579071, "final_val_acc": 0.0126953125, "step_val_acc_99": 7500, "step_val_acc_95": 7500}