{"final_train_loss": 0.012903913855552673, "final_val_loss": 0.011228233575820923, "final_train_acc": 1.0, "final_val_acc": 1.0, "step_val_acc_99": 2520, "step_val_acc_95": 2340}