{"final_train_loss": 0.0024955077096819878, "final_val_loss": 0.0038445477839559317, "final_train_acc": 1.0, "final_val_acc": 1.0, "step_val_acc_99": 3760, "step_val_acc_95": 3640}