{"final_train_loss": 0.29933130741119385, "final_val_loss": 0.16501304507255554, "final_train_acc": 0.966992199420929, "final_val_acc": 0.99169921875, "step_val_acc_99": 4740, "step_val_acc_95": 4650}