{"final_train_loss": 0.006399005185812712, "final_val_loss": 0.0076671261340379715, "final_train_acc": 1.0, "final_val_acc": 1.0, "step_val_acc_99": 4380, "step_val_acc_95": 4160}