{"final_train_loss": 0.010294990614056587, "final_val_loss": 4.8632025718688965, "final_train_acc": 1.0, "final_val_acc": 0.090087890625, "step_val_acc_99": 7500, "step_val_acc_95": 7500}