{"final_train_loss": 0.0066558183170855045, "final_val_loss": 0.012368247844278812, "final_train_acc": 1.0, "final_val_acc": 1.0, "step_val_acc_99": 5100, "step_val_acc_95": 4620}