{"final_train_loss": 0.0158421378582716, "final_val_loss": 6.398036956787109, "final_train_acc": 1.0, "final_val_acc": 0.0322265625, "step_val_acc_99": 7500, "step_val_acc_95": 7500}