{"final_train_loss": 0.01521090418100357, "final_val_loss": 0.015064161270856857, "final_train_acc": 1.0, "final_val_acc": 1.0, "step_val_acc_99": 4330, "step_val_acc_95": 4090}