{"x_div_y": {"means": {"final_train_loss_mean": 0.1435996194680532, "final_val_loss_mean": 0.08725565796097119, "final_train_acc_mean": 0.9878255327542623, "final_val_acc_mean": 0.9969889322916666, "step_val_acc_99_mean": 4503.333333333333, "step_val_acc_95_mean": 4306.666666666667}, "stderrs": {"final_train_loss_stderr": 0.039197344485049634, "final_val_loss_stderr": 0.020447586637423503, "final_train_acc_stderr": 0.004933713920823451, "final_val_acc_stderr": 0.0012507749439451502, "step_val_acc_99_stderr": 57.75640630385345, "step_val_acc_95_stderr": 81.84598604756842}, "final_info_dict": {"final_train_loss": [0.11625664681196213, 0.29933130741119385, 0.01521090418100357], "final_val_loss": [0.08168976753950119, 0.16501304507255554, 0.015064161270856857], "final_train_acc": [0.9964843988418579, 0.966992199420929, 1.0], "final_val_acc": [0.999267578125, 0.99169921875, 1.0], "step_val_acc_99": [4440, 4740, 4330], "step_val_acc_95": [4180, 4650, 4090]}}, "x_minus_y": {"means": {"final_train_loss_mean": 0.005183443737526734, "final_val_loss_mean": 0.007959973920757571, "final_train_acc_mean": 1.0, "final_val_acc_mean": 1.0, "step_val_acc_99_mean": 4413.333333333333, "step_val_acc_95_mean": 4140.0}, "stderrs": {"final_train_loss_stderr": 0.0006345157566521441, "final_val_loss_stderr": 0.00116198060636672, "final_train_acc_stderr": 0.0, "final_val_acc_stderr": 0.0, "step_val_acc_99_stderr": 182.52008176338725, "step_val_acc_95_stderr": 133.44439818668823}, "final_info_dict": {"final_train_loss": [0.0066558183170855045, 0.0024955077096819878, 0.006399005185812712], "final_val_loss": [0.012368247844278812, 0.0038445477839559317, 0.0076671261340379715], "final_train_acc": [1.0, 1.0, 1.0], "final_val_acc": [1.0, 1.0, 1.0], "step_val_acc_99": [5100, 3760, 4380], "step_val_acc_95": [4620, 3640, 4160]}}, "x_plus_y": {"means": {"final_train_loss_mean": 0.14411260839551687, "final_val_loss_mean": 0.0721069195618232, "final_train_acc_mean": 0.983007808526357, "final_val_acc_mean": 0.9964192708333334, "step_val_acc_99_mean": 2386.6666666666665, "step_val_acc_95_mean": 2203.3333333333335}, "stderrs": {"final_train_loss_stderr": 0.06362700352194375, "final_val_loss_stderr": 0.029932450161496888, "final_train_acc_stderr": 0.008010195878822126, "final_val_acc_stderr": 0.0016879719168949702, "step_val_acc_99_stderr": 34.24674446093876, "step_val_acc_95_stderr": 36.75074535231384}, "final_info_dict": {"final_train_loss": [0.4140244424343109, 0.005409468896687031, 0.012903913855552673], "final_val_loss": [0.19906406104564667, 0.006028464064002037, 0.011228233575820923], "final_train_acc": [0.949023425579071, 1.0, 1.0], "final_val_acc": [0.9892578125, 1.0, 1.0], "step_val_acc_99": [2270, 2370, 2520], "step_val_acc_95": [2070, 2200, 2340]}}, "permutation": {"means": {"final_train_loss_mean": 0.05460624893506368, "final_val_loss_mean": 6.463259855906169, "final_train_acc_mean": 0.994726558526357, "final_val_acc_mean": 0.045003255208333336, "step_val_acc_99_mean": 7500.0, "step_val_acc_95_mean": 7500.0}, "stderrs": {"final_train_loss_stderr": 0.019595597504565947, "final_val_loss_stderr": 0.4446219962229843, "final_train_acc_stderr": 0.002485924150802223, "final_val_acc_stderr": 0.010953895618998821, "step_val_acc_99_stderr": 0.0, "step_val_acc_95_stderr": 0.0}, "final_info_dict": {"final_train_loss": [0.010294990614056587, 0.0158421378582716, 0.13768161833286285], "final_val_loss": [4.8632025718688965, 6.398036956787109, 8.1285400390625], "final_train_acc": [1.0, 1.0, 0.984179675579071], "final_val_acc": [0.090087890625, 0.0322265625, 0.0126953125], "step_val_acc_99": [7500, 7500, 7500], "step_val_acc_95": [7500, 7500, 7500]}}}