{"final_train_loss": 0.11625664681196213, "final_val_loss": 0.08168976753950119, "final_train_acc": 0.9964843988418579, "final_val_acc": 0.999267578125, "step_val_acc_99": 4440, "step_val_acc_95": 4180}