{"final_train_loss": 0.005409468896687031, "final_val_loss": 0.006028464064002037, "final_train_acc": 1.0, "final_val_acc": 1.0, "step_val_acc_99": 2370, "step_val_acc_95": 2200}