{"final_train_loss": 1.331822156906128, "best_val_loss": 1.4922692775726318, "total_train_time": 101.88730549812317, "avg_inference_tokens_per_second": 411.0922285546616}