{"final_train_loss": 1.3515650033950806, "best_val_loss": 1.4789913892745972, "total_train_time": 114.43608832359314, "avg_inference_tokens_per_second": 413.0958464706976}