{"final_train_loss": 1.0732988119125366, "best_val_loss": 0.9487595558166504, "total_train_time": 1195.967306137085, "avg_inference_tokens_per_second": 403.99181531961773}