{"final_train_loss": 1.126334309577942, "best_val_loss": 0.9436998963356018, "total_train_time": 1178.6216180324554, "avg_inference_tokens_per_second": 406.6921961557513}