{"final_train_loss": 1.3306083679199219, "best_val_loss": 1.5038937330245972, "total_train_time": 102.65201187133789, "avg_inference_tokens_per_second": 411.58971501237374}