{"circle": {"means": {"training_time": 79.91087174415588, "eval_loss": 0.43513242751741044, "inference_time": 0.2929060459136963, "kl_divergence": 0.34491080184270567}}, "dino": {"means": {"training_time": 73.9358651638031, "eval_loss": 0.6596772278971075, "inference_time": 0.27817249298095703, "kl_divergence": 0.8622566282410796}}, "line": {"means": {"training_time": 72.14862084388733, "eval_loss": 0.8060770393027674, "inference_time": 0.2744631767272949, "kl_divergence": 0.15322529458283543}}, "moons": {"means": {"training_time": 74.74772787094116, "eval_loss": 0.6146410070264431, "inference_time": 0.2653486728668213, "kl_divergence": 0.09325452685708886}}}