{"final_train_loss": 0.1798391044139862, "final_val_loss": 0.10102179646492004, "final_train_acc": 0.9810547232627869, "final_val_acc": 0.991943359375, "step_val_acc_99": 2370, "step_val_acc_95": 2210}