{"final_train_loss": 0.004031864460557699, "final_val_loss": 0.00456421310082078, "final_train_acc": 1.0, "final_val_acc": 1.0, "step_val_acc_99": 4430, "step_val_acc_95": 4150}