{"final_train_loss": 0.012528032064437866, "final_val_loss": 7.972597122192383, "final_train_acc": 0.9996094107627869, "final_val_acc": 0.01171875, "step_val_acc_99": 7500, "step_val_acc_95": 7500}