{"final_train_loss": 0.007280871272087097, "final_val_loss": 0.009279508143663406, "final_train_acc": 1.0, "final_val_acc": 1.0, "step_val_acc_99": 4760, "step_val_acc_95": 4570}