{"x_div_y": {"means": {"final_train_loss_mean": 0.007205140932152669, "final_val_loss_mean": 0.008706816316892704, "final_train_acc_mean": 1.0, "final_val_acc_mean": 0.9998372395833334, "step_val_acc_99_mean": 4570.0, "step_val_acc_95_mean": 4363.333333333333}, "stderrs": {"final_train_loss_stderr": 0.0008321425468387285, "final_val_loss_stderr": 0.001081202606461475, "final_train_acc_stderr": 0.0, "final_val_acc_stderr": 7.672599622249864e-05, "step_val_acc_99_stderr": 44.96912521077348, "step_val_acc_95_stderr": 49.391357268650815}, "final_info_dict": {"final_train_loss": [0.007280871272087097, 0.010224059224128723, 0.004110492300242186], "final_val_loss": [0.009279508143663406, 0.012361980974674225, 0.004478959832340479], "final_train_acc": [1.0, 1.0, 1.0], "final_val_acc": [1.0, 0.99951171875, 1.0], "step_val_acc_99": [4760, 4460, 4490], "step_val_acc_95": [4570, 4290, 4230]}}, "x_minus_y": {"means": {"final_train_loss_mean": 0.004773730955397089, "final_val_loss_mean": 0.005530588639279206, "final_train_acc_mean": 1.0, "final_val_acc_mean": 1.0, "step_val_acc_99_mean": 4393.333333333333, "step_val_acc_95_mean": 4173.333333333333}, "stderrs": {"final_train_loss_stderr": 0.0006689077784814854, "final_val_loss_stderr": 0.0008363115593376002, "final_train_acc_stderr": 0.0, "final_val_acc_stderr": 0.0, "step_val_acc_99_stderr": 88.87499891476098, "step_val_acc_95_stderr": 88.62460712270786}, "final_info_dict": {"final_train_loss": [0.0075169275514781475, 0.0027724008541554213, 0.004031864460557699], "final_val_loss": [0.008970416150987148, 0.0030571366660296917, 0.00456421310082078], "final_train_acc": [1.0, 1.0, 1.0], "final_val_acc": [1.0, 1.0, 1.0], "step_val_acc_99": [4700, 4050, 4430], "step_val_acc_95": [4510, 3860, 4150]}}, "x_plus_y": {"means": {"final_train_loss_mean": 0.06498558493331075, "final_val_loss_mean": 0.039060630525151886, "final_train_acc_mean": 0.9936849077542623, "final_val_acc_mean": 0.997314453125, "step_val_acc_99_mean": 2096.6666666666665, "step_val_acc_95_mean": 1960.0}, "stderrs": {"final_train_loss_stderr": 0.027081591128808535, "final_val_loss_stderr": 0.014625096516124507, "final_train_acc_stderr": 0.0029769630338531464, "final_val_acc_stderr": 0.0012659789376712276, "step_val_acc_99_stderr": 131.21464838430686, "step_val_acc_95_stderr": 120.215855243191}, "final_info_dict": {"final_train_loss": [0.004807170946151018, 0.1798391044139862, 0.010310479439795017], "final_val_loss": [0.005221378989517689, 0.10102179646492004, 0.010938716121017933], "final_train_acc": [1.0, 0.9810547232627869, 1.0], "final_val_acc": [1.0, 0.991943359375, 1.0], "step_val_acc_99": [2380, 2370, 1540], "step_val_acc_95": [2220, 2210, 1450]}}, "permutation": {"means": {"final_train_loss_mean": 0.10378322905550401, "final_val_loss_mean": 6.62765375773112, "final_train_acc_mean": 0.9820963740348816, "final_val_acc_mean": 0.031168619791666668, "step_val_acc_99_mean": 7500.0, "step_val_acc_95_mean": 7500.0}, "stderrs": {"final_train_loss_stderr": 0.04328390265216739, "final_val_loss_stderr": 0.3704131040099554, "final_train_acc_stderr": 0.008347956668247307, "final_val_acc_stderr": 0.005642230692603319, "step_val_acc_99_stderr": 0.0, "step_val_acc_95_stderr": 0.0}, "final_info_dict": {"final_train_loss": [0.012528032064437866, 0.2874201238155365, 0.011401531286537647], "final_val_loss": [7.972597122192383, 5.251175880432129, 6.659188270568848], "final_train_acc": [0.9996094107627869, 0.9466797113418579, 1.0], "final_val_acc": [0.01171875, 0.052978515625, 0.02880859375], "step_val_acc_99": [7500, 7500, 7500], "step_val_acc_95": [7500, 7500, 7500]}}}