{"final_train_loss": 0.010224059224128723, "final_val_loss": 0.012361980974674225, "final_train_acc": 1.0, "final_val_acc": 0.99951171875, "step_val_acc_99": 4460, "step_val_acc_95": 4290}