{"final_train_loss": 0.0075169275514781475, "final_val_loss": 0.008970416150987148, "final_train_acc": 1.0, "final_val_acc": 1.0, "step_val_acc_99": 4700, "step_val_acc_95": 4510}