{"final_train_loss": 0.2874201238155365, "final_val_loss": 5.251175880432129, "final_train_acc": 0.9466797113418579, "final_val_acc": 0.052978515625, "step_val_acc_99": 7500, "step_val_acc_95": 7500}