{"final_train_loss": 0.004807170946151018, "final_val_loss": 0.005221378989517689, "final_train_acc": 1.0, "final_val_acc": 1.0, "step_val_acc_99": 2380, "step_val_acc_95": 2220}