{"final_train_loss": 0.011401531286537647, "final_val_loss": 6.659188270568848, "final_train_acc": 1.0, "final_val_acc": 0.02880859375, "step_val_acc_99": 7500, "step_val_acc_95": 7500}