{"final_train_loss": 0.0027724008541554213, "final_val_loss": 0.0030571366660296917, "final_train_acc": 1.0, "final_val_acc": 1.0, "step_val_acc_99": 4050, "step_val_acc_95": 3860}