{"final_train_loss": 0.004110492300242186, "final_val_loss": 0.004478959832340479, "final_train_acc": 1.0, "final_val_acc": 1.0, "step_val_acc_99": 4490, "step_val_acc_95": 4230}