{"final_train_loss": 0.010310479439795017, "final_val_loss": 0.010938716121017933, "final_train_acc": 1.0, "final_val_acc": 1.0, "step_val_acc_99": 1540, "step_val_acc_95": 1450}