{"circle": {"means": {"training_time": 267.81446051597595, "eval_loss": 0.37992295295076295, "inference_time": 0.17848443984985352, "kl_divergence": 0.4426549895288475}}, "dino": {"means": {"training_time": 273.8629205226898, "eval_loss": 0.6424662062274221, "inference_time": 0.13181495666503906, "kl_divergence": 0.5710263317303715}}, "line": {"means": {"training_time": 287.80195713043213, "eval_loss": 0.8638582183881793, "inference_time": 0.13017058372497559, "kl_divergence": 0.3497732784746851}}, "moons": {"means": {"training_time": 274.91384768486023, "eval_loss": 0.6413522321549828, "inference_time": 0.12932515144348145, "kl_divergence": 0.22292086418253548}}}