{"final_train_loss": 0.011260010302066803, "final_val_loss": 0.011949137784540653, "final_train_acc": 1.0, "final_val_acc": 1.0, "step_val_acc_99": 1470}