{"final_train_loss": 0.00320233590900898, "final_val_loss": 0.003457931336015463, "final_train_acc": 1.0, "final_val_acc": 1.0, "step_val_acc_99": 2160}