{"x_div_y": {"means": {"final_train_loss_mean": 0.5920290009429058, "final_val_loss_mean": 0.30291892828730244, "final_train_acc_mean": 0.8575520912806193, "final_val_acc_mean": 0.9386393229166666, "step_val_acc_99_mean": 1643.3333333333333}, "stderrs": {"final_train_loss_stderr": 0.27574581146960236, "final_val_loss_stderr": 0.13926347348128001, "final_train_acc_stderr": 0.06715058814754428, "final_val_acc_stderr": 0.02892570057588199, "step_val_acc_99_stderr": 93.74248941108645}, "final_info_dict": {"final_train_loss": [0.011260010302066803, 1.7619094848632812, 0.0029175076633691788], "final_val_loss": [0.011949137784540653, 0.8937415480613708, 0.00306609901599586], "final_train_acc": [1.0, 0.5726562738418579, 1.0], "final_val_acc": [1.0, 0.81591796875, 1.0], "step_val_acc_99": [1470, 1420, 2040]}}, "x_minus_y": {"means": {"final_train_loss_mean": 0.0039047593406091132, "final_val_loss_mean": 0.004387715288127462, "final_train_acc_mean": 1.0, "final_val_acc_mean": 1.0, "step_val_acc_99_mean": 1993.3333333333333}, "stderrs": {"final_train_loss_stderr": 0.00040021538402693367, "final_val_loss_stderr": 0.0003999421603025107, "final_train_acc_stderr": 0.0, "final_val_acc_stderr": 0.0, "step_val_acc_99_stderr": 90.60836905722272}, "final_info_dict": {"final_train_loss": [0.005594730842858553, 0.0029172112699598074, 0.00320233590900898], "final_val_loss": [0.006081835366785526, 0.003623379161581397, 0.003457931336015463], "final_train_acc": [1.0, 1.0, 1.0], "final_val_acc": [1.0, 1.0, 1.0], "step_val_acc_99": [1610, 2210, 2160]}}, "x_plus_y": {"means": {"final_train_loss_mean": 0.008580587338656187, "final_val_loss_mean": 0.009516028997798761, "final_train_acc_mean": 1.0, "final_val_acc_mean": 0.9998372395833334, "step_val_acc_99_mean": 836.6666666666666}, "stderrs": {"final_train_loss_stderr": 0.0011271093188512128, "final_val_loss_stderr": 0.0011608564749058818, "final_train_acc_stderr": 0.0, "final_val_acc_stderr": 7.672599622249864e-05, "step_val_acc_99_stderr": 29.855619650098674}, "final_info_dict": {"final_train_loss": [0.008156349882483482, 0.004667771514505148, 0.012917640618979931], "final_val_loss": [0.00896433275192976, 0.005553462542593479, 0.014030291698873043], "final_train_acc": [1.0, 1.0, 1.0], "final_val_acc": [1.0, 1.0, 0.99951171875], "step_val_acc_99": [750, 960, 800]}}, "permutation": {"means": {"final_train_loss_mean": 0.004259653855115175, "final_val_loss_mean": 0.08990247027638058, "final_train_acc_mean": 1.0, "final_val_acc_mean": 0.9829915364583334, "step_val_acc_99_mean": 4543.333333333333}, "stderrs": {"final_train_loss_stderr": 0.0004006592237000951, "final_val_loss_stderr": 0.040092644777651155, "final_train_acc_stderr": 0.0, "final_val_acc_stderr": 0.008017866605251108, "step_val_acc_99_stderr": 645.4532334284257}, "final_info_dict": {"final_train_loss": [0.0056626275181770325, 0.002726978622376919, 0.0043893554247915745], "final_val_loss": [0.0068047367967665195, 0.002916333032771945, 0.25998634099960327], "final_train_acc": [1.0, 1.0, 1.0], "final_val_acc": [1.0, 1.0, 0.948974609375], "step_val_acc_99": [4340, 2280, 7010]}}}