{"final_train_loss": 0.0043893554247915745, "final_val_loss": 0.25998634099960327, "final_train_acc": 1.0, "final_val_acc": 0.948974609375, "step_val_acc_99": 7010}