{"final_train_loss": 0.012917640618979931, "final_val_loss": 0.014030291698873043, "final_train_acc": 1.0, "final_val_acc": 0.99951171875, "step_val_acc_99": 800}