{"final_train_loss": 0.005594730842858553, "final_val_loss": 0.006081835366785526, "final_train_acc": 1.0, "final_val_acc": 1.0, "step_val_acc_99": 1610}