{"final_train_loss": 0.004667771514505148, "final_val_loss": 0.005553462542593479, "final_train_acc": 1.0, "final_val_acc": 1.0, "step_val_acc_99": 960}