{"final_train_loss": 1.7619094848632812, "final_val_loss": 0.8937415480613708, "final_train_acc": 0.5726562738418579, "final_val_acc": 0.81591796875, "step_val_acc_99": 1420}