{"final_train_loss": 0.0029172112699598074, "final_val_loss": 0.003623379161581397, "final_train_acc": 1.0, "final_val_acc": 1.0, "step_val_acc_99": 2210}