{"final_train_loss": 0.0029175076633691788, "final_val_loss": 0.00306609901599586, "final_train_acc": 1.0, "final_val_acc": 1.0, "step_val_acc_99": 2040}