{"final_train_loss": 0.002726978622376919, "final_val_loss": 0.002916333032771945, "final_train_acc": 1.0, "final_val_acc": 1.0, "step_val_acc_99": 2280}