{"final_train_loss": 0.008156349882483482, "final_val_loss": 0.00896433275192976, "final_train_acc": 1.0, "final_val_acc": 1.0, "step_val_acc_99": 750}