{"circle": {"means": {"training_time": 61.36747455596924, "eval_loss": 0.3965786517123737, "inference_time": 0.1880967617034912, "kl_divergence": 0.34939379720249025, "grid_variance": 0.0006894692778587341}}, "dino": {"means": {"training_time": 61.40353488922119, "eval_loss": 0.6446876498439428, "inference_time": 0.1821444034576416, "kl_divergence": 1.106597165466926, "grid_variance": 0.0006851014331914485}}, "line": {"means": {"training_time": 57.40531301498413, "eval_loss": 0.7804632755496618, "inference_time": 0.17763042449951172, "kl_divergence": 0.1942168530689934, "grid_variance": 0.0011169814970344305}}, "moons": {"means": {"training_time": 60.078025579452515, "eval_loss": 0.5984103514257905, "inference_time": 0.19323015213012695, "kl_divergence": 0.09598977901828819, "grid_variance": 0.0008280634065158665}}}