{"final_train_loss": 0.8130451440811157, "best_val_loss": 1.461108684539795, "total_train_time": 76.4232439994812, "avg_inference_tokens_per_second": 639.412896173863}