{"final_train_loss": 0.8391256332397461, "best_val_loss": 1.4650906324386597, "total_train_time": 76.73503589630127, "avg_inference_tokens_per_second": 681.5209963892605}