{"final_train_loss": 0.8190920352935791, "best_val_loss": 1.467484951019287, "total_train_time": 77.42074155807495, "avg_inference_tokens_per_second": 678.1928521709648}