{"final_train_loss": 0.930223822593689, "best_val_loss": 1.0055421590805054, "total_train_time": 819.4551751613617, "avg_inference_tokens_per_second": 671.9918599180683}