{"shakespeare_char": {"means": {"final_train_loss_mean": 0.8186181902885437, "best_val_loss_mean": 1.4654763221740723, "total_train_time_mean": 77.26942734718322, "avg_inference_tokens_per_second_mean": 666.5076153519527}, "stderrs": {"final_train_loss_stderr": 0.0030382021632158573, "best_val_loss_stderr": 0.0004817354840395037, "total_train_time_stderr": 0.1624712484958252, "avg_inference_tokens_per_second_stderr": 3.097857960862266}, "final_info_dict": {"final_train_loss": [0.8279916644096375, 0.7938364744186401, 0.8190920352935791, 0.8130451440811157, 0.8391256332397461], "best_val_loss": [1.4678442478179932, 1.4658530950546265, 1.467484951019287, 1.461108684539795, 1.4650906324386597], "total_train_time": [78.75571584701538, 77.01239943504333, 77.42074155807495, 76.4232439994812, 76.73503589630127], "avg_inference_tokens_per_second": [659.5139392364011, 673.8973927892744, 678.1928521709648, 639.412896173863, 681.5209963892605]}}, "enwik8": {"means": {"final_train_loss_mean": 0.930223822593689, "best_val_loss_mean": 1.0055421590805054, "total_train_time_mean": 819.4551751613617, "avg_inference_tokens_per_second_mean": 671.9918599180683}, "stderrs": {"final_train_loss_stderr": 0.0, "best_val_loss_stderr": 0.0, "total_train_time_stderr": 0.0, "avg_inference_tokens_per_second_stderr": 0.0}, "final_info_dict": {"final_train_loss": [0.930223822593689], "best_val_loss": [1.0055421590805054], "total_train_time": [819.4551751613617], "avg_inference_tokens_per_second": [671.9918599180683]}}, "text8": {"means": {"final_train_loss_mean": 1.0013301372528076, "best_val_loss_mean": 0.979989230632782, "total_train_time_mean": 801.224205493927, "avg_inference_tokens_per_second_mean": 671.5678332249411}, "stderrs": {"final_train_loss_stderr": 0.0, "best_val_loss_stderr": 0.0, "total_train_time_stderr": 0.0, "avg_inference_tokens_per_second_stderr": 0.0}, "final_info_dict": {"final_train_loss": [1.0013301372528076], "best_val_loss": [0.979989230632782], "total_train_time": [801.224205493927], "avg_inference_tokens_per_second": [671.5678332249411]}}}