{"circle": {"means": {"training_time": 62.70881533622742, "eval_loss": 0.4392700866817513, "inference_time": 0.27757978439331055, "kl_divergence": 0.333127618757142}}, "dino": {"means": {"training_time": 65.9961109161377, "eval_loss": 0.6554543292126083, "inference_time": 0.2801930904388428, "kl_divergence": 0.8622659948063218}}, "line": {"means": {"training_time": 63.58059334754944, "eval_loss": 0.8071294327831025, "inference_time": 0.2570970058441162, "kl_divergence": 0.15626460287380087}}, "moons": {"means": {"training_time": 63.43175005912781, "eval_loss": 0.6130339162581412, "inference_time": 0.2541923522949219, "kl_divergence": 0.09756236614068906}}}