{"final_train_loss": 0.15794964134693146, "final_val_loss": 6.037981033325195, "final_train_acc": 0.978320300579071, "final_val_acc": 0.043212890625, "step_val_acc_99": 7500}