{"final_train_loss": 0.04415513202548027, "final_val_loss": 0.03808319941163063, "final_train_acc": 0.9994140863418579, "final_val_acc": 0.9990234375, "step_val_acc_99": 1400}