{"final_train_loss": 0.11116921156644821, "final_val_loss": 0.08478313684463501, "final_train_acc": 0.9937500357627869, "final_val_acc": 0.99560546875, "step_val_acc_99": 1970}