{"x_div_y": {"means": {"final_train_loss_mean": 0.025560980507483084, "final_val_loss_mean": 0.02391940789918105, "final_train_acc_mean": 0.999804695447286, "final_val_acc_mean": 0.9995930989583334, "step_val_acc_99_mean": 1683.3333333333333}, "stderrs": {"final_train_loss_stderr": 0.00529194898290667, "final_val_loss_stderr": 0.0042902823303866775, "final_train_acc_stderr": 9.206744908046408e-05, "final_val_acc_stderr": 0.0001383197567706376, "step_val_acc_99_stderr": 67.12803318663651}, "final_info_dict": {"final_train_loss": [0.02716146968305111, 0.04415513202548027, 0.005366339813917875], "final_val_loss": [0.02673843689262867, 0.03808319941163063, 0.006936587393283844], "final_train_acc": [1.0, 0.9994140863418579, 1.0], "final_val_acc": [1.0, 0.9990234375, 0.999755859375], "step_val_acc_99": [1850, 1400, 1800]}}, "x_minus_y": {"means": {"final_train_loss_mean": 0.041293362310777106, "final_val_loss_mean": 0.033894515906771026, "final_train_acc_mean": 0.9979166785875956, "final_val_acc_mean": 0.99853515625, "step_val_acc_99_mean": 1706.6666666666667}, "stderrs": {"final_train_loss_stderr": 0.01647359469010678, "final_val_loss_stderr": 0.011995044557591263, "final_train_acc_stderr": 0.0009820871320681812, "final_val_acc_stderr": 0.0006905339660024878, "step_val_acc_99_stderr": 155.78554426669098}, "final_info_dict": {"final_train_loss": [0.0050728172063827515, 0.11116921156644821, 0.0076380581595003605], "final_val_loss": [0.008845126256346703, 0.08478313684463501, 0.00805528461933136], "final_train_acc": [1.0, 0.9937500357627869, 1.0], "final_val_acc": [1.0, 0.99560546875, 1.0], "step_val_acc_99": [2100, 1970, 1050]}}, "x_plus_y": {"means": {"final_train_loss_mean": 0.04852975051229199, "final_val_loss_mean": 0.029622130716840427, "final_train_acc_mean": 0.997851570447286, "final_val_acc_mean": 0.9994303385416666, "step_val_acc_99_mean": 713.3333333333334}, "stderrs": {"final_train_loss_stderr": 0.02020861311366365, "final_val_loss_stderr": 0.011061371694122309, "final_train_acc_stderr": 0.001012779403750448, "final_val_acc_stderr": 0.0002685409867787453, "step_val_acc_99_stderr": 34.462360931712944}, "final_info_dict": {"final_train_loss": [0.13426189124584198, 0.004804245661944151, 0.006523114629089832], "final_val_loss": [0.07654082775115967, 0.005293793044984341, 0.00703177135437727], "final_train_acc": [0.9935547113418579, 1.0, 1.0], "final_val_acc": [0.998291015625, 1.0, 1.0], "step_val_acc_99": [810, 760, 570]}}, "permutation": {"means": {"final_train_loss_mean": 0.05940632630760471, "final_val_loss_mean": 3.655014871930083, "final_train_acc_mean": 0.9927083253860474, "final_val_acc_mean": 0.3810221354166667, "step_val_acc_99_mean": 7193.333333333333}, "stderrs": {"final_train_loss_stderr": 0.023268954836382763, "final_val_loss_stderr": 0.8724555320462222, "final_train_acc_stderr": 0.0033913941336530164, "final_val_acc_stderr": 0.1460979472903697, "step_val_acc_99_stderr": 144.56405304258303}, "final_info_dict": {"final_train_loss": [0.15794964134693146, 0.004995719995349646, 0.015273617580533028], "final_val_loss": [6.037981033325195, 0.01057112030684948, 4.916492462158203], "final_train_acc": [0.978320300579071, 1.0, 0.999804675579071], "final_val_acc": [0.043212890625, 1.0, 0.099853515625], "step_val_acc_99": [7500, 6580, 7500]}}}