{"final_train_loss": 0.005366339813917875, "final_val_loss": 0.006936587393283844, "final_train_acc": 1.0, "final_val_acc": 0.999755859375, "step_val_acc_99": 1800}