{"final_train_loss": 0.0050728172063827515, "final_val_loss": 0.008845126256346703, "final_train_acc": 1.0, "final_val_acc": 1.0, "step_val_acc_99": 2100}