{"final_train_loss": 0.004804245661944151, "final_val_loss": 0.005293793044984341, "final_train_acc": 1.0, "final_val_acc": 1.0, "step_val_acc_99": 760}