{"final_train_loss": 0.006523114629089832, "final_val_loss": 0.00703177135437727, "final_train_acc": 1.0, "final_val_acc": 1.0, "step_val_acc_99": 570}