{"final_train_loss": 0.015273617580533028, "final_val_loss": 4.916492462158203, "final_train_acc": 0.999804675579071, "final_val_acc": 0.099853515625, "step_val_acc_99": 7500}