{"final_train_loss": 0.004995719995349646, "final_val_loss": 0.01057112030684948, "final_train_acc": 1.0, "final_val_acc": 1.0, "step_val_acc_99": 6580}