{"final_train_loss": 0.13426189124584198, "final_val_loss": 0.07654082775115967, "final_train_acc": 0.9935547113418579, "final_val_acc": 0.998291015625, "step_val_acc_99": 810}