{"final_train_loss": 0.02716146968305111, "final_val_loss": 0.02673843689262867, "final_train_acc": 1.0, "final_val_acc": 1.0, "step_val_acc_99": 1850}