{"circle": {"means": {"training_time": 67.72772169113159, "eval_loss": 0.44077414045553376, "inference_time": 0.29411911964416504, "kl_divergence": 0.3369115398699348}}, "dino": {"means": {"training_time": 66.11997985839844, "eval_loss": 0.6583147108402398, "inference_time": 0.2786083221435547, "kl_divergence": 0.7492200172597772}}, "line": {"means": {"training_time": 66.70119905471802, "eval_loss": 0.8060775769641028, "inference_time": 0.2694664001464844, "kl_divergence": 0.15416058891406453}}, "moons": {"means": {"training_time": 67.89770340919495, "eval_loss": 0.6156130795131254, "inference_time": 0.2853279113769531, "kl_divergence": 0.0915883610864912}}}