{
    "layer_9.0_beta_1.0": {
        "means": 0.0070885481852315,
        "stds": 0.004020949996903946
    },
    "layer_9.0_beta_3.0": {
        "means": 0.06547090112640801,
        "stds": 0.003814835326606948
    },
    "layer_9.0_beta_5.0": {
        "means": 0.06672298706716727,
        "stds": 0.008887113089244334
    },
    "layer_10.0_beta_1.0": {
        "means": 0.027939090529828934,
        "stds": 0.002590355468402281
    },
    "layer_10.0_beta_3.0": {
        "means": 0.10925740508969539,
        "stds": 0.010033147807795934
    },
    "layer_10.0_beta_5.0": {
        "means": 0.10842563621193158,
        "stds": 0.00798625015133524
    },
    "layer_11.0_beta_1.0": {
        "means": 0.042952127659574464,
        "stds": 0.0006909777157854529
    },
    "layer_11.0_beta_3.0": {
        "means": 0.11717980809345009,
        "stds": 0.007304048383073939
    },
    "layer_11.0_beta_5.0": {
        "means": 0.10216781393408424,
        "stds": 0.012590426649040634
    },
    "layer_12.0_beta_1.0": {
        "means": 0.02252085940759277,
        "stds": 0.004524730431700262
    },
    "layer_12.0_beta_3.0": {
        "means": 0.10008083020442216,
        "stds": 0.015352595506374139
    },
    "layer_12.0_beta_5.0": {
        "means": 0.051295890696704205,
        "stds": 0.006534933037526496
    }
}