{"final_train_loss": 0.008435240015387535, "final_val_loss": 0.009246543981134892, "final_train_acc": 1.0, "final_val_acc": 1.0, "step_val_acc_99": 2190}