{"final_train_loss": 0.00588553911074996, "final_val_loss": 0.007015799637883902, "final_train_acc": 1.0, "final_val_acc": 1.0, "step_val_acc_99": 3090}