{"final_train_loss": 0.005261344835162163, "final_val_loss": 0.011853992007672787, "final_train_acc": 1.0, "final_val_acc": 1.0, "step_val_acc_99": 5530}