{"final_train_loss": 0.0035487834829837084, "final_val_loss": 0.003990378230810165, "final_train_acc": 1.0, "final_val_acc": 1.0, "step_val_acc_99": 4630}