{"final_train_loss": 0.006307917181402445, "final_val_loss": 0.0070213512517511845, "final_train_acc": 1.0, "final_val_acc": 1.0, "step_val_acc_99": 790}