{"x_div_y": {"means": {"final_train_loss_mean": 0.00703450928752621, "final_val_loss_mean": 0.008110948217411837, "final_train_acc_mean": 1.0, "final_val_acc_mean": 1.0, "step_val_acc_99_mean": 2536.6666666666665}, "stderrs": {"final_train_loss_stderr": 0.0009716986425302297, "final_val_loss_stderr": 0.0011625268119899558, "final_train_acc_stderr": 0.0, "final_val_acc_stderr": 0.0, "step_val_acc_99_stderr": 132.22689067388657}, "final_info_dict": {"final_train_loss": [0.00588553911074996, 0.011037780903279781, 0.004180207848548889], "final_val_loss": [0.007015799637883902, 0.01282329298555851, 0.0044937520287930965], "final_train_acc": [1.0, 1.0, 1.0], "final_val_acc": [1.0, 1.0, 1.0], "step_val_acc_99": [3090, 2180, 2340]}}, "x_minus_y": {"means": {"final_train_loss_mean": 0.005914364087705811, "final_val_loss_mean": 1.4212849920925994, "final_train_acc_mean": 0.9999348918596903, "final_val_acc_mean": 0.7403157552083334, "step_val_acc_99_mean": 2346.6666666666665}, "stderrs": {"final_train_loss_stderr": 0.0006732335425040165, "final_val_loss_stderr": 0.6669281360856046, "final_train_acc_stderr": 3.069227168226661e-05, "final_val_acc_stderr": 0.1224163269729966, "step_val_acc_99_stderr": 42.19297232455006}, "final_info_dict": {"final_train_loss": [0.00581697141751647, 0.0034908808302134275, 0.008435240015387535], "final_val_loss": [4.250819683074951, 0.003788749221712351, 0.009246543981134892], "final_train_acc": [0.999804675579071, 1.0, 1.0], "final_val_acc": [0.220947265625, 1.0, 1.0], "step_val_acc_99": [2500, 2350, 2190]}}, "x_plus_y": {"means": {"final_train_loss_mean": 0.004743196380635102, "final_val_loss_mean": 0.0051032428940137224, "final_train_acc_mean": 1.0, "final_val_acc_mean": 1.0, "step_val_acc_99_mean": 863.3333333333334}, "stderrs": {"final_train_loss_stderr": 0.000368976125183432, "final_val_loss_stderr": 0.00045221059815281074, "final_train_acc_stderr": 0.0, "final_val_acc_stderr": 0.0, "step_val_acc_99_stderr": 29.979416807182314}, "final_info_dict": {"final_train_loss": [0.006307917181402445, 0.004001729190349579, 0.003919942770153284], "final_val_loss": [0.0070213512517511845, 0.004180520307272673, 0.004107857123017311], "final_train_acc": [1.0, 1.0, 1.0], "final_val_acc": [1.0, 1.0, 1.0], "step_val_acc_99": [790, 810, 990]}}, "permutation": {"means": {"final_train_loss_mean": 0.005184388952329755, "final_val_loss_mean": 0.008002187125384808, "final_train_acc_mean": 1.0, "final_val_acc_mean": 1.0, "step_val_acc_99_mean": 5066.666666666667}, "stderrs": {"final_train_loss_stderr": 0.0004350613406217204, "final_val_loss_stderr": 0.0010707666471540562, "final_train_acc_stderr": 0.0, "final_val_acc_stderr": 0.0, "step_val_acc_99_stderr": 122.63566435926991}, "final_info_dict": {"final_train_loss": [0.0035487834829837084, 0.006743038538843393, 0.005261344835162163], "final_val_loss": [0.003990378230810165, 0.00816219113767147, 0.011853992007672787], "final_train_acc": [1.0, 1.0, 1.0], "final_val_acc": [1.0, 1.0, 1.0], "step_val_acc_99": [4630, 5040, 5530]}}}