{"final_train_loss": 0.006743038538843393, "final_val_loss": 0.00816219113767147, "final_train_acc": 1.0, "final_val_acc": 1.0, "step_val_acc_99": 5040}