{"final_train_loss": 0.00581697141751647, "final_val_loss": 4.250819683074951, "final_train_acc": 0.999804675579071, "final_val_acc": 0.220947265625, "step_val_acc_99": 2500}