{"final_train_loss": 0.011037780903279781, "final_val_loss": 0.01282329298555851, "final_train_acc": 1.0, "final_val_acc": 1.0, "step_val_acc_99": 2180}