{"final_train_loss": 0.004001729190349579, "final_val_loss": 0.004180520307272673, "final_train_acc": 1.0, "final_val_acc": 1.0, "step_val_acc_99": 810}