{"final_train_loss": 0.0034908808302134275, "final_val_loss": 0.003788749221712351, "final_train_acc": 1.0, "final_val_acc": 1.0, "step_val_acc_99": 2350}