{"circle": {"means": {"training_time": 60.20667552947998, "eval_loss": 0.4340648788320439, "inference_time": 0.26030611991882324, "kl_divergence": 0.3548752521015737}}, "dino": {"means": {"training_time": 59.569570779800415, "eval_loss": 0.6582550479627937, "inference_time": 0.24830842018127441, "kl_divergence": 0.873368895698616}}, "line": {"means": {"training_time": 57.278900384902954, "eval_loss": 0.802841300702156, "inference_time": 0.2616264820098877, "kl_divergence": 0.16631820218273796}}, "moons": {"means": {"training_time": 59.45627760887146, "eval_loss": 0.614546875743305, "inference_time": 0.24232029914855957, "kl_divergence": 0.08688268116023862}}}