{"final_train_loss": 1.107680320739746, "best_val_loss": 0.9144911170005798, "total_train_time": 1191.0737359523773, "avg_inference_tokens_per_second": 399.1246811178914, "style_consistency_scores": {"mean_consistency": 1.0, "std_consistency": 0.0}}