{"final_train_loss": 1.0843100547790527, "best_val_loss": 0.9584192037582397, "total_train_time": 1198.6353631019592, "avg_inference_tokens_per_second": 400.9799186059553, "style_consistency_scores": {"mean_consistency": 1.0, "std_consistency": 0.0}}