{"final_train_loss": 1.288020133972168, "best_val_loss": 1.4907069206237793, "total_train_time": 102.655588388443, "avg_inference_tokens_per_second": 402.95931096871493, "style_consistency_scores": {"mean_consistency": 1.0, "std_consistency": 0.0}}