{"final_train_loss": 1.364969253540039, "best_val_loss": 1.4982010126113892, "total_train_time": 103.66276550292969, "avg_inference_tokens_per_second": 399.98875516850364, "style_consistency_scores": {"mean_consistency": 0.9166666666666667, "std_consistency": 0.1536590742882148}}