{"final_train_loss": 1.33839750289917, "best_val_loss": 1.5009182691574097, "total_train_time": 106.42000102996826, "avg_inference_tokens_per_second": 403.7661215348543, "style_consistency_scores": {"mean_consistency": 0.9833333333333334, "std_consistency": 0.04999999999999999}}