{"circle": {"means": {"training_time": 89.83488082885742, "eval_loss": 0.4358053507707308, "inference_time": 0.3021073341369629, "kl_divergence": 0.34716546994971326}}, "dino": {"means": {"training_time": 88.4310839176178, "eval_loss": 0.6636832975365622, "inference_time": 0.29015278816223145, "kl_divergence": 0.8708838663821192}}, "line": {"means": {"training_time": 81.63592505455017, "eval_loss": 0.8070394032446625, "inference_time": 0.35721874237060547, "kl_divergence": 0.15501561703447317}}, "moons": {"means": {"training_time": 83.31885623931885, "eval_loss": 0.6170386532535943, "inference_time": 0.26299095153808594, "kl_divergence": 0.09623687732255731}}}