{"final_train_loss": 0.018431875854730606, "final_val_loss": 0.017957687377929688, "final_train_acc": 1.0, "final_val_acc": 1.0, "step_val_acc_99": 1200, "step_val_acc_95": null, "max_acc_increase_rate": 0}