{"final_train_loss": 0.010531245730817318, "final_val_loss": 0.01248369924724102, "final_train_acc": 1.0, "final_val_acc": 1.0, "step_val_acc_99": 1680, "step_val_acc_95": null, "max_acc_increase_rate": 0}