{"final_train_loss": 0.007690753787755966, "final_val_loss": 0.00845558661967516, "final_train_acc": 1.0, "final_val_acc": 1.0, "step_val_acc_99": 1130, "step_val_acc_95": null, "max_acc_increase_rate": 0}