{"final_train_loss": 0.0019151557935401797, "final_val_loss": 0.008191830478608608, "final_train_acc": 1.0, "final_val_acc": 1.0, "step_val_acc_99": 7110, "step_val_acc_95": null, "max_acc_increase_rate": 0}