{"x_div_y": {"means": {"final_train_loss_mean": 0.006068596305946509, "final_val_loss_mean": 0.006278096853444974, "final_train_acc_mean": 1.0, "final_val_acc_mean": 1.0, "step_val_acc_99_mean": 1450.0, "step_val_acc_95_mean": null, "max_acc_increase_rate_mean": 0.0}, "stderrs": {"final_train_loss_stderr": 0.0009516533002837101, "final_val_loss_stderr": 0.00101865450297165, "final_train_acc_stderr": 0.0, "final_val_acc_stderr": 0.0, "step_val_acc_99_stderr": 151.95028426721976, "step_val_acc_95_stderr": null, "max_acc_increase_rate_stderr": 0.0}, "final_info_dict": {"final_train_loss": [0.0046980478800833225, 0.005120899062603712, 0.008386841975152493], "final_val_loss": [0.0048037138767540455, 0.005271986126899719, 0.008758590556681156], "final_train_acc": [1.0, 1.0, 1.0], "final_val_acc": [1.0, 1.0, 1.0], "step_val_acc_99": [1820, 1300, 1230], "step_val_acc_95": [], "max_acc_increase_rate": [0, 0, 0]}}, "x_minus_y": {"means": {"final_train_loss_mean": 0.012217958457767963, "final_val_loss_mean": 0.012965657748281956, "final_train_acc_mean": 1.0, "final_val_acc_mean": 1.0, "step_val_acc_99_mean": 1336.6666666666667, "step_val_acc_95_mean": null, "max_acc_increase_rate_mean": 0.0}, "stderrs": {"final_train_loss_stderr": 0.002623681708416432, "final_val_loss_stderr": 0.002248292819133345, "final_train_acc_stderr": 0.0, "final_val_acc_stderr": 0.0, "step_val_acc_99_stderr": 141.1329816822366, "step_val_acc_95_stderr": null, "max_acc_increase_rate_stderr": 0.0}, "final_info_dict": {"final_train_loss": [0.007690753787755966, 0.010531245730817318, 0.018431875854730606], "final_val_loss": [0.00845558661967516, 0.01248369924724102, 0.017957687377929688], "final_train_acc": [1.0, 1.0, 1.0], "final_val_acc": [1.0, 1.0, 1.0], "step_val_acc_99": [1130, 1680, 1200], "step_val_acc_95": [], "max_acc_increase_rate": [0, 0, 0]}}, "x_plus_y": {"means": {"final_train_loss_mean": 0.005929781744877498, "final_val_loss_mean": 0.006119240075349808, "final_train_acc_mean": 1.0, "final_val_acc_mean": 1.0, "step_val_acc_99_mean": 860.0, "step_val_acc_95_mean": null, "max_acc_increase_rate_mean": 0.0}, "stderrs": {"final_train_loss_stderr": 0.0008837086276212324, "final_val_loss_stderr": 0.0009463306200294607, "final_train_acc_stderr": 0.0, "final_val_acc_stderr": 0.0, "step_val_acc_99_stderr": 74.08703590297624, "step_val_acc_95_stderr": null, "max_acc_increase_rate_stderr": 0.0}, "final_info_dict": {"final_train_loss": [0.007969463244080544, 0.0042822398245334625, 0.005537642166018486], "final_val_loss": [0.008276108652353287, 0.004305363167077303, 0.0057762484066188335], "final_train_acc": [1.0, 1.0, 1.0], "final_val_acc": [1.0, 1.0, 1.0], "step_val_acc_99": [1000, 690, 890], "step_val_acc_95": [], "max_acc_increase_rate": [0, 0, 0]}}, "permutation": {"means": {"final_train_loss_mean": 0.21476718748454005, "final_val_loss_mean": 2.8472166281814375, "final_train_acc_mean": 0.9645833373069763, "final_val_acc_mean": 0.6573079427083334, "step_val_acc_99_mean": 7075.0, "step_val_acc_95_mean": null, "max_acc_increase_rate_mean": 0.0}, "stderrs": {"final_train_loss_stderr": 0.08871913846212588, "final_val_loss_stderr": 2.2178677335923136, "final_train_acc_stderr": 0.014564234633560044, "final_val_acc_stderr": 0.26529030085147953, "step_val_acc_99_stderr": 24.74873734152916, "step_val_acc_95_stderr": null, "max_acc_increase_rate_stderr": 0.0}, "final_info_dict": {"final_train_loss": [0.0019151557935401797, 0.35914573073387146, 0.2832406759262085], "final_val_loss": [0.008191830478608608, 0.25547343492507935, 8.277984619140625], "final_train_acc": [1.0, 0.943164050579071, 0.9505859613418579], "final_val_acc": [1.0, 0.964111328125, 0.0078125], "step_val_acc_99": [7110, 7040], "step_val_acc_95": [], "max_acc_increase_rate": [0, 0, 0]}}}