{"final_train_loss": 0.2832406759262085, "final_val_loss": 8.277984619140625, "final_train_acc": 0.9505859613418579, "final_val_acc": 0.0078125, "step_val_acc_99": null, "step_val_acc_95": null, "max_acc_increase_rate": 0}