{"final_train_loss": 0.35914573073387146, "final_val_loss": 0.25547343492507935, "final_train_acc": 0.943164050579071, "final_val_acc": 0.964111328125, "step_val_acc_99": 7040, "step_val_acc_95": null, "max_acc_increase_rate": 0}