{"final_train_loss": 0.007969463244080544, "final_val_loss": 0.008276108652353287, "final_train_acc": 1.0, "final_val_acc": 1.0, "step_val_acc_99": 1000, "step_val_acc_95": null, "max_acc_increase_rate": 0}