{"final_train_loss": 0.0046980478800833225, "final_val_loss": 0.0048037138767540455, "final_train_acc": 1.0, "final_val_acc": 1.0, "step_val_acc_99": 1820, "step_val_acc_95": null, "max_acc_increase_rate": 0}