{"final_train_loss": 0.00358586385846138, "final_val_loss": 0.006078380160033703, "final_train_acc": 1.0, "final_val_acc": 1.0, "step_val_acc_99": 6510, "step_val_acc_95": null, "max_acc_increase_rate": 0}