{"final_train_loss": 0.00520470691844821, "final_val_loss": 0.005457762628793716, "final_train_acc": 1.0, "final_val_acc": 1.0, "step_val_acc_99": 1090, "step_val_acc_95": null, "max_acc_increase_rate": 0}