{"final_train_loss": 0.96843022108078, "final_val_loss": 1.2621710300445557, "final_train_acc": 0.7896484732627869, "final_val_acc": 0.74267578125, "step_val_acc_99": 780, "step_val_acc_95": null, "max_acc_increase_rate": 0}