{"x_div_y": {"means": {"final_train_loss_mean": 0.007881488806257645, "final_val_loss_mean": 0.008671872317790985, "final_train_acc_mean": 1.0, "final_val_acc_mean": 1.0, "step_val_acc_99_mean": 1766.6666666666667, "step_val_acc_95_mean": null, "max_acc_increase_rate_mean": 0.0}, "stderrs": {"final_train_loss_stderr": 0.00020705011505195358, "final_val_loss_stderr": 0.00017584054711151193, "final_train_acc_stderr": 0.0, "final_val_acc_stderr": 0.0, "step_val_acc_99_stderr": 140.02645252739717, "step_val_acc_95_stderr": null, "max_acc_increase_rate_stderr": 0.0}, "final_info_dict": {"final_train_loss": [0.007534503471106291, 0.008375316858291626, 0.007734646089375019], "final_val_loss": [0.008581357076764107, 0.00908181443810463, 0.008352445438504219], "final_train_acc": [1.0, 1.0, 1.0], "final_val_acc": [1.0, 1.0, 1.0], "step_val_acc_99": [1530, 1670, 2100], "step_val_acc_95": [], "max_acc_increase_rate": [0, 0, 0]}}, "x_minus_y": {"means": {"final_train_loss_mean": 0.04362078352520863, "final_val_loss_mean": 0.036223807682593666, "final_train_acc_mean": 0.998242199420929, "final_val_acc_mean": 0.9984537760416666, "step_val_acc_99_mean": 1056.6666666666667, "step_val_acc_95_mean": null, "max_acc_increase_rate_mean": 0.0}, "stderrs": {"final_train_loss_stderr": 0.02457926683328929, "final_val_loss_stderr": 0.01920490954007106, "final_train_acc_stderr": 0.0014352381627642853, "final_val_acc_stderr": 0.0012624865753277012, "step_val_acc_99_stderr": 38.39367231815777, "step_val_acc_95_stderr": null, "max_acc_increase_rate_stderr": 0.0}, "final_info_dict": {"final_train_loss": [0.007008575834333897, 0.02053496427834034, 0.10331881046295166], "final_val_loss": [0.007910871878266335, 0.017845498397946358, 0.0829150527715683], "final_train_acc": [1.0, 1.0, 0.9947265982627869], "final_val_acc": [1.0, 1.0, 0.995361328125], "step_val_acc_99": [1020, 1000, 1150], "step_val_acc_95": [], "max_acc_increase_rate": [0, 0, 0]}}, "x_plus_y": {"means": {"final_train_loss_mean": 0.3260944996339579, "final_val_loss_mean": 0.42411381254593533, "final_train_acc_mean": 0.929882824420929, "final_val_acc_mean": 0.9142252604166666, "step_val_acc_99_mean": 920.0, "step_val_acc_95_mean": null, "max_acc_increase_rate_mean": 0.0}, "stderrs": {"final_train_loss_stderr": 0.2622324929467379, "final_val_loss_stderr": 0.34213547143110523, "final_train_acc_stderr": 0.05725043412462056, "final_val_acc_stderr": 0.07003478159975775, "step_val_acc_99_stderr": 74.08703590297624, "step_val_acc_95_stderr": null, "max_acc_increase_rate_stderr": 0.0}, "final_info_dict": {"final_train_loss": [0.004648570902645588, 0.00520470691844821, 0.96843022108078], "final_val_loss": [0.004712644964456558, 0.005457762628793716, 1.2621710300445557], "final_train_acc": [1.0, 1.0, 0.7896484732627869], "final_val_acc": [1.0, 1.0, 0.74267578125], "step_val_acc_99": [890, 1090, 780], "step_val_acc_95": [], "max_acc_increase_rate": [0, 0, 0]}}, "permutation": {"means": {"final_train_loss_mean": 0.02254059522723158, "final_val_loss_mean": 1.8000340942914288, "final_train_acc_mean": 0.998242199420929, "final_val_acc_mean": 0.686767578125, "step_val_acc_99_mean": 6925.0, "step_val_acc_95_mean": null, "max_acc_increase_rate_mean": 0.0}, "stderrs": {"final_train_loss_stderr": 0.013952889131421571, "final_val_loss_stderr": 1.4341152286310834, "final_train_acc_stderr": 0.0014352381627642853, "final_val_acc_stderr": 0.2546576182720227, "step_val_acc_99_stderr": 293.4493141924172, "step_val_acc_95_stderr": null, "max_acc_increase_rate_stderr": 0.0}, "final_info_dict": {"final_train_loss": [0.00358586385846138, 0.056647468358278275, 0.0073884534649550915], "final_val_loss": [0.006078380160033703, 5.312615394592285, 0.08140850812196732], "final_train_acc": [1.0, 0.9947265982627869, 1.0], "final_val_acc": [1.0, 0.06298828125, 0.997314453125], "step_val_acc_99": [6510, 7340], "step_val_acc_95": [], "max_acc_increase_rate": [0, 0, 0]}}}