{"final_train_loss": 0.0073884534649550915, "final_val_loss": 0.08140850812196732, "final_train_acc": 1.0, "final_val_acc": 0.997314453125, "step_val_acc_99": 7340, "step_val_acc_95": null, "max_acc_increase_rate": 0}