{"final_train_loss": 0.007008575834333897, "final_val_loss": 0.007910871878266335, "final_train_acc": 1.0, "final_val_acc": 1.0, "step_val_acc_99": 1020, "step_val_acc_95": null, "max_acc_increase_rate": 0}