{"final_train_loss": 0.007534503471106291, "final_val_loss": 0.008581357076764107, "final_train_acc": 1.0, "final_val_acc": 1.0, "step_val_acc_99": 1530, "step_val_acc_95": null, "max_acc_increase_rate": 0}