{"final_train_loss": 0.007734646089375019, "final_val_loss": 0.008352445438504219, "final_train_acc": 1.0, "final_val_acc": 1.0, "step_val_acc_99": 2100, "step_val_acc_95": null, "max_acc_increase_rate": 0}