{"final_train_loss": 0.004648570902645588, "final_val_loss": 0.004712644964456558, "final_train_acc": 1.0, "final_val_acc": 1.0, "step_val_acc_99": 890, "step_val_acc_95": null, "max_acc_increase_rate": 0}