{"final_train_loss": 0.10331881046295166, "final_val_loss": 0.0829150527715683, "final_train_acc": 0.9947265982627869, "final_val_acc": 0.995361328125, "step_val_acc_99": 1150, "step_val_acc_95": null, "max_acc_increase_rate": 0}