{"final_train_loss": 0.056647468358278275, "final_val_loss": 5.312615394592285, "final_train_acc": 0.9947265982627869, "final_val_acc": 0.06298828125, "step_val_acc_99": null, "step_val_acc_95": null, "max_acc_increase_rate": 0}