{"final_train_loss": 0.02053496427834034, "final_val_loss": 0.017845498397946358, "final_train_acc": 1.0, "final_val_acc": 1.0, "step_val_acc_99": 1000, "step_val_acc_95": null, "max_acc_increase_rate": 0}