{"x_div_y": {"means": {"final_train_loss_mean": 0.007121656866123279, "final_val_loss_mean": 0.00815950520336628, "final_train_acc_mean": 1.0, "final_val_acc_mean": 0.9998372395833334, "step_val_acc_99_mean": 1876.6666666666667, "step_val_acc_95_mean": null, "max_acc_increase_rate_mean": 0.0}, "stderrs": {"final_train_loss_stderr": 0.0010452190375512568, "final_val_loss_stderr": 0.001451975856860447, "final_train_acc_stderr": 0.0, "final_val_acc_stderr": 0.0001328933237187054, "step_val_acc_99_stderr": 30.307070437746347, "step_val_acc_95_stderr": null, "max_acc_increase_rate_stderr": 0.0}, "final_info_dict": {"final_train_loss": [0.0045660375617444515, 0.008532809093594551, 0.008266123943030834], "final_val_loss": [0.004602905362844467, 0.009938630275428295, 0.009936979971826077], "final_train_acc": [1.0, 1.0, 1.0], "final_val_acc": [1.0, 1.0, 0.99951171875], "step_val_acc_99": [1850, 1950, 1830], "step_val_acc_95": [], "max_acc_increase_rate": [0, 0, 0]}}, "x_minus_y": {"means": {"final_train_loss_mean": 0.0070951394736766815, "final_val_loss_mean": 0.00798630698894461, "final_train_acc_mean": 1.0, "final_val_acc_mean": 1.0, "step_val_acc_99_mean": 1366.6666666666667, "step_val_acc_95_mean": null, "max_acc_increase_rate_mean": 0.0}, "stderrs": {"final_train_loss_stderr": 0.000993820047367191, "final_val_loss_stderr": 0.0013221239246477114, "final_train_acc_stderr": 0.0, "final_val_acc_stderr": 0.0, "step_val_acc_99_stderr": 111.78683418138425, "step_val_acc_95_stderr": null, "max_acc_increase_rate_stderr": 0.0}, "final_info_dict": {"final_train_loss": [0.004860978107899427, 0.00904944445937872, 0.007374995853751898], "final_val_loss": [0.005027315113693476, 0.01060568355023861, 0.008325922302901745], "final_train_acc": [1.0, 1.0, 1.0], "final_val_acc": [1.0, 1.0, 1.0], "step_val_acc_99": [1620, 1150, 1330], "step_val_acc_95": [], "max_acc_increase_rate": [0, 0, 0]}}, "x_plus_y": {"means": {"final_train_loss_mean": 0.01038626270989577, "final_val_loss_mean": 0.010425164829939604, "final_train_acc_mean": 1.0, "final_val_acc_mean": 1.0, "step_val_acc_99_mean": 793.3333333333334, "step_val_acc_95_mean": null, "max_acc_increase_rate_mean": 0.0}, "stderrs": {"final_train_loss_stderr": 0.002452417362655209, "final_val_loss_stderr": 0.0023665978429585825, "final_train_acc_stderr": 0.0, "final_val_acc_stderr": 0.0, "step_val_acc_99_stderr": 89.1108340256152, "step_val_acc_95_stderr": null, "max_acc_increase_rate_stderr": 0.0}, "final_info_dict": {"final_train_loss": [0.008786273188889027, 0.006171817891299725, 0.016200697049498558], "final_val_loss": [0.008749185130000114, 0.0064572361297905445, 0.016069073230028152], "final_train_acc": [1.0, 1.0, 1.0], "final_val_acc": [1.0, 1.0, 1.0], "step_val_acc_99": [940, 580, 860], "step_val_acc_95": [], "max_acc_increase_rate": [0, 0, 0]}}, "permutation": {"means": {"final_train_loss_mean": 0.08731850298742454, "final_val_loss_mean": 5.65827210744222, "final_train_acc_mean": 0.9888672033945719, "final_val_acc_mean": 0.12752278645833334, "step_val_acc_99_mean": null, "step_val_acc_95_mean": null, "max_acc_increase_rate_mean": 0.0}, "stderrs": {"final_train_loss_stderr": 0.03598415153504715, "final_val_loss_stderr": 1.3470972574585633, "final_train_acc_stderr": 0.005652443022435014, "final_val_acc_stderr": 0.08871788988209926, "step_val_acc_99_stderr": null, "step_val_acc_95_stderr": null, "max_acc_increase_rate_stderr": 0.0}, "final_info_dict": {"final_train_loss": [0.09405848383903503, 0.007838094606995583, 0.16005893051624298], "final_val_loss": [7.460544109344482, 2.3634190559387207, 7.150853157043457], "final_train_acc": [0.990429699420929, 1.0, 0.9761719107627869], "final_val_acc": [0.012939453125, 0.3447265625, 0.02490234375], "step_val_acc_99": [], "step_val_acc_95": [], "max_acc_increase_rate": [0, 0, 0]}}}