{"final_train_loss": 0.0045660375617444515, "final_val_loss": 0.004602905362844467, "final_train_acc": 1.0, "final_val_acc": 1.0, "step_val_acc_99": 1850, "step_val_acc_95": null, "max_acc_increase_rate": 0}