{"final_train_loss": 0.008266123943030834, "final_val_loss": 0.009936979971826077, "final_train_acc": 1.0, "final_val_acc": 0.99951171875, "step_val_acc_99": 1830, "step_val_acc_95": null, "max_acc_increase_rate": 0}