{"final_train_loss": 0.09405848383903503, "final_val_loss": 7.460544109344482, "final_train_acc": 0.990429699420929, "final_val_acc": 0.012939453125, "step_val_acc_99": null, "step_val_acc_95": null, "max_acc_increase_rate": 0}