{"final_train_loss": 0.007838094606995583, "final_val_loss": 2.3634190559387207, "final_train_acc": 1.0, "final_val_acc": 0.3447265625, "step_val_acc_99": null, "step_val_acc_95": null, "max_acc_increase_rate": 0}