{"final_train_loss": 0.004860978107899427, "final_val_loss": 0.005027315113693476, "final_train_acc": 1.0, "final_val_acc": 1.0, "step_val_acc_99": 1620, "step_val_acc_95": null, "max_acc_increase_rate": 0}