{"final_train_loss": 0.016200697049498558, "final_val_loss": 0.016069073230028152, "final_train_acc": 1.0, "final_val_acc": 1.0, "step_val_acc_99": 860, "step_val_acc_95": null, "max_acc_increase_rate": 0}