{"final_train_loss": 0.006171817891299725, "final_val_loss": 0.0064572361297905445, "final_train_acc": 1.0, "final_val_acc": 1.0, "step_val_acc_99": 580, "step_val_acc_95": null, "max_acc_increase_rate": 0}