{"final_train_loss": 0.16005893051624298, "final_val_loss": 7.150853157043457, "final_train_acc": 0.9761719107627869, "final_val_acc": 0.02490234375, "step_val_acc_99": null, "step_val_acc_95": null, "max_acc_increase_rate": 0}