{"final_train_loss": 0.007374995853751898, "final_val_loss": 0.008325922302901745, "final_train_acc": 1.0, "final_val_acc": 1.0, "step_val_acc_99": 1330, "step_val_acc_95": null, "max_acc_increase_rate": 0}