{"final_train_loss": 0.008786273188889027, "final_val_loss": 0.008749185130000114, "final_train_acc": 1.0, "final_val_acc": 1.0, "step_val_acc_99": 940, "step_val_acc_95": null, "max_acc_increase_rate": 0}