{"final_train_loss": 0.008532809093594551, "final_val_loss": 0.009938630275428295, "final_train_acc": 1.0, "final_val_acc": 1.0, "step_val_acc_99": 1950, "step_val_acc_95": null, "max_acc_increase_rate": 0}