{"final_train_loss": 0.00904944445937872, "final_val_loss": 0.01060568355023861, "final_train_acc": 1.0, "final_val_acc": 1.0, "step_val_acc_99": 1150, "step_val_acc_95": null, "max_acc_increase_rate": 0}