{"x_div_y": {"means": {"final_train_loss_mean": 0.005800435319542885, "final_val_loss_mean": 0.006530226518710454, "final_train_acc_mean": 1.0, "final_val_acc_mean": 1.0, "step_val_acc_99_mean": 4200.0}, "stderrs": {"final_train_loss_stderr": 0.0003064869589511412, "final_val_loss_stderr": 0.0003625025024807662, "final_train_acc_stderr": 0.0, "final_val_acc_stderr": 0.0, "step_val_acc_99_stderr": 76.35201130048658}, "final_info_dict": {"final_train_loss": [0.0069169411435723305, 0.004664970561861992, 0.005819394253194332], "final_val_loss": [0.007497288752347231, 0.005011030472815037, 0.007082360330969095], "final_train_acc": [1.0, 1.0, 1.0], "final_val_acc": [1.0, 1.0, 1.0], "step_val_acc_99": [3910, 4220, 4470]}}, "x_minus_y": {"means": {"final_train_loss_mean": 0.014211568981409073, "final_val_loss_mean": 0.014943961674968401, "final_train_acc_mean": 1.0, "final_val_acc_mean": 1.0, "step_val_acc_99_mean": 4720.0}, "stderrs": {"final_train_loss_stderr": 0.0017479599883225827, "final_val_loss_stderr": 0.0015514786813701532, "final_train_acc_stderr": 0.0, "final_val_acc_stderr": 0.0, "step_val_acc_99_stderr": 87.2204529190683}, "final_info_dict": {"final_train_loss": [0.020942753180861473, 0.013541488908231258, 0.008150464855134487], "final_val_loss": [0.02065713331103325, 0.014918526634573936, 0.00925622507929802], "final_train_acc": [1.0, 1.0, 1.0], "final_val_acc": [1.0, 1.0, 1.0], "step_val_acc_99": [4910, 4350, 4900]}}, "x_plus_y": {"means": {"final_train_loss_mean": 0.003832749711970488, "final_val_loss_mean": 0.004045687771091859, "final_train_acc_mean": 1.0, "final_val_acc_mean": 1.0, "step_val_acc_99_mean": 2363.3333333333335}, "stderrs": {"final_train_loss_stderr": 0.0002880701741203037, "final_val_loss_stderr": 0.00033004621386109535, "final_train_acc_stderr": 0.0, "final_val_acc_stderr": 0.0, "step_val_acc_99_stderr": 185.59879735668255}, "final_info_dict": {"final_train_loss": [0.0028058786410838366, 0.0049201552756130695, 0.0037722152192145586], "final_val_loss": [0.0028463052585721016, 0.005271216854453087, 0.004019541200250387], "final_train_acc": [1.0, 1.0, 1.0], "final_val_acc": [1.0, 1.0, 1.0], "step_val_acc_99": [2960, 1620, 2510]}}, "permutation": {"means": {"final_train_loss_mean": 0.08011958096176386, "final_val_loss_mean": 6.804208914438884, "final_train_acc_mean": 0.9880208373069763, "final_val_acc_mean": 0.035888671875, "step_val_acc_99_mean": 7500.0}, "stderrs": {"final_train_loss_stderr": 0.03017692860217529, "final_val_loss_stderr": 0.5261453586085326, "final_train_acc_stderr": 0.005509507245478575, "final_val_acc_stderr": 0.01243600357740434, "step_val_acc_99_stderr": 0.0}, "final_info_dict": {"final_train_loss": [0.014027833007276058, 0.2081267386674881, 0.01820417121052742], "final_val_loss": [7.649890422821045, 4.592288017272949, 8.170448303222656], "final_train_acc": [1.0, 0.964648425579071, 0.9994140863418579], "final_val_acc": [0.010986328125, 0.088623046875, 0.008056640625], "step_val_acc_99": [7500, 7500, 7500]}}}