{"final_train_loss": 0.020942753180861473, "final_val_loss": 0.02065713331103325, "final_train_acc": 1.0, "final_val_acc": 1.0, "step_val_acc_99": 4910}