{"final_train_loss": 0.01820417121052742, "final_val_loss": 8.170448303222656, "final_train_acc": 0.9994140863418579, "final_val_acc": 0.008056640625, "step_val_acc_99": 7500}