{"final_train_loss": 0.013541488908231258, "final_val_loss": 0.014918526634573936, "final_train_acc": 1.0, "final_val_acc": 1.0, "step_val_acc_99": 4350}