{"final_train_loss": 0.0028058786410838366, "final_val_loss": 0.0028463052585721016, "final_train_acc": 1.0, "final_val_acc": 1.0, "step_val_acc_99": 2960}