{"final_train_loss": 0.008150464855134487, "final_val_loss": 0.00925622507929802, "final_train_acc": 1.0, "final_val_acc": 1.0, "step_val_acc_99": 4900}