{"final_train_loss": 0.2081267386674881, "final_val_loss": 4.592288017272949, "final_train_acc": 0.964648425579071, "final_val_acc": 0.088623046875, "step_val_acc_99": 7500}