{"final_train_loss": 0.01086658425629139, "final_val_loss": 0.011599470861256123, "final_train_acc": 1.0, "final_val_acc": 1.0, "step_val_acc_99": 1140}