{"final_train_loss": 0.011786439456045628, "final_val_loss": 0.013078545220196247, "final_train_acc": 1.0, "final_val_acc": 1.0, "step_val_acc_99": 800}