{"final_train_loss": 0.9259166717529297, "final_val_loss": 0.4530065953731537, "final_train_acc": 0.752734363079071, "final_val_acc": 0.887451171875, "step_val_acc_99": 1660}