{"final_train_loss": 0.016824187710881233, "final_val_loss": 0.020411860197782516, "final_train_acc": 1.0, "final_val_acc": 1.0, "step_val_acc_99": 1720}