{"final_train_loss": 0.007629864849150181, "final_val_loss": 0.008421658538281918, "final_train_acc": 1.0, "final_val_acc": 1.0, "step_val_acc_99": 1520}