{"final_train_loss": 0.03078005276620388, "final_val_loss": 0.033198025077581406, "final_train_acc": 1.0, "final_val_acc": 1.0, "step_val_acc_99": 1930}