{"final_train_loss": 0.03150351718068123, "final_val_loss": 0.03368615359067917, "final_train_acc": 1.0, "final_val_acc": 1.0, "step_val_acc_99": 1430}