{"final_train_loss": 0.009152448736131191, "final_val_loss": 0.009452376514673233, "final_train_acc": 1.0, "final_val_acc": 1.0, "step_val_acc_99": 3400}