{"final_train_loss": 0.004269659053534269, "final_val_loss": 0.011218592524528503, "final_train_acc": 1.0, "final_val_acc": 1.0, "step_val_acc_99": 6380}