{"final_train_loss": 0.020422305911779404, "final_val_loss": 0.020994942635297775, "final_train_acc": 1.0, "final_val_acc": 1.0, "step_val_acc_99": 1680}