{"final_train_loss": 0.016819551587104797, "final_val_loss": 0.017228515818715096, "final_train_acc": 1.0, "final_val_acc": 1.0, "step_val_acc_99": 1640}