{"final_train_loss": 0.008205759339034557, "final_val_loss": 0.011028865352272987, "final_train_acc": 1.0, "final_val_acc": 1.0, "step_val_acc_99": 6030}