{"x_div_y": {"means": {"final_train_loss_mean": 0.3210543884585301, "final_val_loss_mean": 0.16480446606874466, "final_train_acc_mean": 0.917578121026357, "final_val_acc_mean": 0.9624837239583334, "step_val_acc_99_mean": 1686.6666666666667}, "stderrs": {"final_train_loss_stderr": 0.14256824822538247, "final_val_loss_stderr": 0.06792993966988325, "final_train_acc_stderr": 0.03885404636026658, "final_val_acc_stderr": 0.017685342129285936, "step_val_acc_99_stderr": 8.314794192830982}, "final_info_dict": {"final_train_loss": [0.016824187710881233, 0.9259166717529297, 0.020422305911779404], "final_val_loss": [0.020411860197782516, 0.4530065953731537, 0.020994942635297775], "final_train_acc": [1.0, 0.752734363079071, 1.0], "final_val_acc": [1.0, 0.887451171875, 1.0], "step_val_acc_99": [1720, 1660, 1680]}}, "x_minus_y": {"means": {"final_train_loss_mean": 0.026367707177996635, "final_val_loss_mean": 0.02803756482899189, "final_train_acc_mean": 1.0, "final_val_acc_mean": 1.0, "step_val_acc_99_mean": 1666.6666666666667}, "stderrs": {"final_train_loss_stderr": 0.0022526742392537063, "final_val_loss_stderr": 0.0025485830884260066, "final_train_acc_stderr": 0.0, "final_val_acc_stderr": 0.0, "step_val_acc_99_stderr": 68.33107494009688}, "final_info_dict": {"final_train_loss": [0.03078005276620388, 0.016819551587104797, 0.03150351718068123], "final_val_loss": [0.033198025077581406, 0.017228515818715096, 0.03368615359067917], "final_train_acc": [1.0, 1.0, 1.0], "final_val_acc": [1.0, 1.0, 1.0], "step_val_acc_99": [1930, 1640, 1430]}}, "x_plus_y": {"means": {"final_train_loss_mean": 0.0100942961871624, "final_val_loss_mean": 0.011033224873244762, "final_train_acc_mean": 1.0, "final_val_acc_mean": 1.0, "step_val_acc_99_mean": 1153.3333333333333}, "stderrs": {"final_train_loss_stderr": 0.0005942065834783231, "final_val_loss_stderr": 0.0006476238209223568, "final_train_acc_stderr": 0.0, "final_val_acc_stderr": 0.0, "step_val_acc_99_stderr": 98.02997777827902}, "final_info_dict": {"final_train_loss": [0.007629864849150181, 0.01086658425629139, 0.011786439456045628], "final_val_loss": [0.008421658538281918, 0.011599470861256123, 0.013078545220196247], "final_train_acc": [1.0, 1.0, 1.0], "final_val_acc": [1.0, 1.0, 1.0], "step_val_acc_99": [1520, 1140, 800]}}, "permutation": {"means": {"final_train_loss_mean": 0.007209289042900006, "final_val_loss_mean": 0.010566611463824907, "final_train_acc_mean": 1.0, "final_val_acc_mean": 1.0, "step_val_acc_99_mean": 5270.0}, "stderrs": {"final_train_loss_stderr": 0.0007047523105438244, "final_val_loss_stderr": 0.0002638937414393087, "final_train_acc_stderr": 0.0, "final_val_acc_stderr": 0.0, "step_val_acc_99_stderr": 443.32915620421437}, "final_info_dict": {"final_train_loss": [0.009152448736131191, 0.008205759339034557, 0.004269659053534269], "final_val_loss": [0.009452376514673233, 0.011028865352272987, 0.011218592524528503], "final_train_acc": [1.0, 1.0, 1.0], "final_val_acc": [1.0, 1.0, 1.0], "step_val_acc_99": [3400, 6030, 6380]}}}