{"final_train_loss": 1.0756142139434814, "best_val_loss": 0.9364517331123352, "total_train_time": 1176.2822530269623, "avg_inference_tokens_per_second": 414.74111234255105, "style_consistency_scores": {"mean_consistency": 1.0, "std_consistency": 0.0}}