{"final_train_loss": 1.1109744310379028, "best_val_loss": 0.9226217865943909, "total_train_time": 1178.823966741562, "avg_inference_tokens_per_second": 410.1106885446575, "style_consistency_scores": {"mean_consistency": 0.9833333333333334, "std_consistency": 0.04999999999999999}}