{"final_train_loss": 1.3367180824279785, "best_val_loss": 1.5027520656585693, "total_train_time": 102.72776126861572, "avg_inference_tokens_per_second": 387.92731990609946, "style_consistency_scores": {"mean_consistency": 1.0, "std_consistency": 0.0}}