{"final_train_loss": 1.2378783226013184, "best_val_loss": 1.4800429344177246, "total_train_time": 101.66579079627991, "avg_inference_tokens_per_second": 405.1902112059607, "style_consistency_scores": {"mean_consistency": 0.9666666666666668, "std_consistency": 0.06666666666666665}}