{"final_train_loss": 1.323727011680603, "best_val_loss": 1.4816443920135498, "total_train_time": 104.74996542930603, "avg_inference_tokens_per_second": 404.83341990134625, "style_consistency_scores": {"mean_consistency": 1.0, "std_consistency": 0.0}}