{"x_div_y": {"means": {"final_train_loss_mean": 0.3073409056911866, "final_val_loss_mean": 0.818450391292572, "final_train_acc_mean": 0.9272135496139526, "final_val_acc_mean": 0.807373046875, "step_val_acc_99_mean": 4500.0, "step_val_acc_95_mean": null, "max_acc_increase_rate_mean": 0.0}, "stderrs": {"final_train_loss_stderr": 0.24592876144516185, "final_val_loss_stderr": 0.6618528249166884, "final_train_acc_stderr": 0.05942988787807324, "final_val_acc_stderr": 0.15727924862108786, "step_val_acc_99_stderr": 131.40268896284684, "step_val_acc_95_stderr": null, "max_acc_increase_rate_stderr": 0.0}, "final_info_dict": {"final_train_loss": [0.006623405963182449, 0.0056586842983961105, 0.9097406268119812], "final_val_loss": [0.009284562431275845, 0.0064153606072068214, 2.4396512508392334], "final_train_acc": [1.0, 1.0, 0.7816406488418579], "final_val_acc": [1.0, 1.0, 0.422119140625], "step_val_acc_99": [4690, 4180, 4630], "step_val_acc_95": [], "max_acc_increase_rate": [0, 0, 0]}}, "x_minus_y": {"means": {"final_train_loss_mean": 0.0060335383750498295, "final_val_loss_mean": 0.014887654222548008, "final_train_acc_mean": 1.0, "final_val_acc_mean": 0.9984537760416666, "step_val_acc_99_mean": 5160.0, "step_val_acc_95_mean": null, "max_acc_increase_rate_mean": 0.0}, "stderrs": {"final_train_loss_stderr": 0.0006687619468946444, "final_val_loss_stderr": 0.0071869831125151475, "final_train_acc_stderr": 0.0, "final_val_acc_stderr": 0.0012624865753277012, "step_val_acc_99_stderr": 345.86445643087154, "step_val_acc_95_stderr": null, "max_acc_increase_rate_stderr": 0.0}, "final_info_dict": {"final_train_loss": [0.0076673636212944984, 0.005113899242132902, 0.005319352261722088], "final_val_loss": [0.032492052763700485, 0.006119102705270052, 0.006051807198673487], "final_train_acc": [1.0, 1.0, 1.0], "final_val_acc": [0.995361328125, 1.0, 1.0], "step_val_acc_99": [5950, 5030, 4500], "step_val_acc_95": [], "max_acc_increase_rate": [0, 0, 0]}}, "x_plus_y": {"means": {"final_train_loss_mean": 0.00963700112576286, "final_val_loss_mean": 0.00942775048315525, "final_train_acc_mean": 1.0, "final_val_acc_mean": 1.0, "step_val_acc_99_mean": 1993.3333333333333, "step_val_acc_95_mean": null, "max_acc_increase_rate_mean": 0.0}, "stderrs": {"final_train_loss_stderr": 0.004205872421810955, "final_val_loss_stderr": 0.00379252522576256, "final_train_acc_stderr": 0.0, "final_val_acc_stderr": 0.0, "step_val_acc_99_stderr": 261.80286618129446, "step_val_acc_95_stderr": null, "max_acc_increase_rate_stderr": 0.0}, "final_info_dict": {"final_train_loss": [0.004002078901976347, 0.019923590123653412, 0.004985334351658821], "final_val_loss": [0.004102142062038183, 0.01868244633078575, 0.005498663056641817], "final_train_acc": [1.0, 1.0, 1.0], "final_val_acc": [1.0, 1.0, 1.0], "step_val_acc_99": [2600, 1510, 1870], "step_val_acc_95": [], "max_acc_increase_rate": [0, 0, 0]}}, "permutation": {"means": {"final_train_loss_mean": 0.02911314181983471, "final_val_loss_mean": 6.984205881754558, "final_train_acc_mean": 0.998046875, "final_val_acc_mean": 0.022623697916666668, "step_val_acc_99_mean": null, "step_val_acc_95_mean": null, "max_acc_increase_rate_mean": 0.0}, "stderrs": {"final_train_loss_stderr": 0.009370101337400556, "final_val_loss_stderr": 0.6112011189300426, "final_train_acc_stderr": 0.0012179874305904758, "final_val_acc_stderr": 0.006146585594446169, "step_val_acc_99_stderr": null, "step_val_acc_95_stderr": null, "max_acc_increase_rate_stderr": 0.0}, "final_info_dict": {"final_train_loss": [0.027295727282762527, 0.010207274928689003, 0.0498364232480526], "final_val_loss": [8.435168266296387, 6.5782270431518555, 5.93922233581543], "final_train_acc": [0.9990234375, 1.0, 0.9951171875], "final_val_acc": [0.008056640625, 0.026611328125, 0.033203125], "step_val_acc_99": [], "step_val_acc_95": [], "max_acc_increase_rate": [0, 0, 0]}}}