{"final_train_loss": 0.0498364232480526, "final_val_loss": 5.93922233581543, "final_train_acc": 0.9951171875, "final_val_acc": 0.033203125, "step_val_acc_99": null, "step_val_acc_95": null, "max_acc_increase_rate": 0}