{"final_train_loss": 0.010207274928689003, "final_val_loss": 6.5782270431518555, "final_train_acc": 1.0, "final_val_acc": 0.026611328125, "step_val_acc_99": null, "step_val_acc_95": null, "max_acc_increase_rate": 0}