{"final_train_loss": 0.006623405963182449, "final_val_loss": 0.009284562431275845, "final_train_acc": 1.0, "final_val_acc": 1.0, "step_val_acc_99": 4690, "step_val_acc_95": null, "max_acc_increase_rate": 0}