{"final_train_loss": 0.9097406268119812, "final_val_loss": 2.4396512508392334, "final_train_acc": 0.7816406488418579, "final_val_acc": 0.422119140625, "step_val_acc_99": 4630, "step_val_acc_95": null, "max_acc_increase_rate": 0}