{"final_train_loss": 0.027295727282762527, "final_val_loss": 8.435168266296387, "final_train_acc": 0.9990234375, "final_val_acc": 0.008056640625, "step_val_acc_99": null, "step_val_acc_95": null, "max_acc_increase_rate": 0}