{"final_train_loss": 0.004002078901976347, "final_val_loss": 0.004102142062038183, "final_train_acc": 1.0, "final_val_acc": 1.0, "step_val_acc_99": 2600, "step_val_acc_95": null, "max_acc_increase_rate": 0}