{"final_train_loss": 0.0056586842983961105, "final_val_loss": 0.0064153606072068214, "final_train_acc": 1.0, "final_val_acc": 1.0, "step_val_acc_99": 4180, "step_val_acc_95": null, "max_acc_increase_rate": 0}