{"final_train_loss": 0.005319352261722088, "final_val_loss": 0.006051807198673487, "final_train_acc": 1.0, "final_val_acc": 1.0, "step_val_acc_99": 4500, "step_val_acc_95": null, "max_acc_increase_rate": 0}