{"final_train_loss": 0.004985334351658821, "final_val_loss": 0.005498663056641817, "final_train_acc": 1.0, "final_val_acc": 1.0, "step_val_acc_99": 1870, "step_val_acc_95": null, "max_acc_increase_rate": 0}