{"final_train_loss": 0.0076673636212944984, "final_val_loss": 0.032492052763700485, "final_train_acc": 1.0, "final_val_acc": 0.995361328125, "step_val_acc_99": 5950, "step_val_acc_95": null, "max_acc_increase_rate": 0}