{"final_train_loss": 0.005113899242132902, "final_val_loss": 0.006119102705270052, "final_train_acc": 1.0, "final_val_acc": 1.0, "step_val_acc_99": 5030, "step_val_acc_95": null, "max_acc_increase_rate": 0}