{"final_train_loss": 0.9799667596817017, "best_val_loss": 0.960930585861206, "total_train_time": 796.8736915588379, "avg_inference_tokens_per_second": 681.5641643940587}