{"final_train_loss": 0.815872311592102, "best_val_loss": 1.4568231105804443, "total_train_time": 78.24760484695435, "avg_inference_tokens_per_second": 673.7276235128363}