{"final_train_loss": 0.8062022924423218, "best_val_loss": 1.4599593877792358, "total_train_time": 75.3113009929657, "avg_inference_tokens_per_second": 685.7562084344394}