{"final_train_loss": 0.9162352681159973, "best_val_loss": 0.994733452796936, "total_train_time": 800.9844655990601, "avg_inference_tokens_per_second": 666.6401679692085}