{"final_train_loss": 0.7992163896560669, "best_val_loss": 1.4648518562316895, "total_train_time": 75.29463386535645, "avg_inference_tokens_per_second": 687.2659996805114}