{"final_train_loss": 0.0069169411435723305, "final_val_loss": 0.007497288752347231, "final_train_acc": 1.0, "final_val_acc": 1.0, "step_val_acc_99": 3910}