{"final_train_loss": 0.0049201552756130695, "final_val_loss": 0.005271216854453087, "final_train_acc": 1.0, "final_val_acc": 1.0, "step_val_acc_99": 1620}